2025-03-11 13:17:50 info: Database connected
2025-03-11 13:17:50 info: Database synced
2025-03-11 13:17:50 info: Server running on port 3000
2025-03-11 13:17:55 info: Database connected
2025-03-11 13:17:55 info: Database synced
2025-03-11 13:17:55 info: Server running on port 3000
2025-03-11 13:17:59 info: Database connected
2025-03-11 13:17:59 info: Database synced
2025-03-11 13:17:59 info: Server running on port 3000
2025-03-11 13:18:08 info: Database connected
2025-03-11 13:18:08 info: Database synced
2025-03-11 13:18:09 info: Server running on port 3000
2025-03-11 13:18:18 info: Database connected
2025-03-11 13:18:18 info: Database synced
2025-03-11 13:18:18 info: Server running on port 3000
2025-03-11 13:18:24 info: Database connected
2025-03-11 13:18:24 info: Database synced
2025-03-11 13:18:24 info: Server running on port 3000
2025-03-11 13:18:28 info: Database connected
2025-03-11 13:18:28 info: Database synced
2025-03-11 13:18:28 info: Server running on port 3000
2025-03-11 13:18:29 info: Database connected
2025-03-11 13:18:29 info: Database synced
2025-03-11 13:18:29 info: Server running on port 3000
2025-03-11 13:18:37 info: Database connected
2025-03-11 13:18:37 info: Database synced
2025-03-11 13:18:37 info: Server running on port 3000
2025-03-11 13:18:43 info: Database connected
2025-03-11 13:18:43 info: Database synced
2025-03-11 13:18:43 info: Server running on port 3000
2025-03-11 13:19:03 info: Database connected
2025-03-11 13:19:03 info: Database synced
2025-03-11 13:19:03 info: 
2025-03-11 13:19:03 info: Server running on port 3000
2025-03-11 13:19:05 info: Database connected
2025-03-11 13:19:05 info: Database synced
2025-03-11 13:19:05 info: Platform setup
2025-03-11 13:19:05 info: Server running on port 3000
2025-03-11 13:19:19 info: Database connected
2025-03-11 13:19:19 info: Database synced
2025-03-11 13:19:19 info: Platform setup
2025-03-11 13:19:19 info: Server running on port 3000
2025-03-11 13:19:28 info: Database connected
2025-03-11 13:19:28 info: Database synced
2025-03-11 13:19:28 info: Platform setup
2025-03-11 13:19:28 info: Server running on port 3000
2025-03-11 13:19:45 info: Database connected
2025-03-11 13:19:45 info: Database synced
2025-03-11 13:19:45 info: Platform setup
2025-03-11 13:19:45 info: Server running on port 3000
2025-03-11 13:19:51 info: Database connected
2025-03-11 13:19:51 info: Database synced
2025-03-11 13:19:51 info: Platform setup
2025-03-11 13:19:51 info: Server running on port 3000
2025-03-11 13:19:54 info: Database connected
2025-03-11 13:19:54 info: Database synced
2025-03-11 13:19:54 info: Platform setup
2025-03-11 13:19:54 info: Server running on port 3000
2025-03-11 13:20:06 info: Database connected
2025-03-11 13:20:06 info: Database synced
2025-03-11 13:20:06 info: Platform setup
2025-03-11 13:20:06 info: Server running on port 3000
2025-03-11 13:20:15 info: Database connected
2025-03-11 13:20:15 info: Database synced
2025-03-11 13:20:15 info: Platform setup
2025-03-11 13:20:15 info: Server running on port 3000
2025-03-11 13:20:20 info: Database connected
2025-03-11 13:20:20 info: Database synced
2025-03-11 13:20:20 info: Platform setup
2025-03-11 13:20:20 info: Server running on port 3000
2025-03-11 13:20:23 info: Database connected
2025-03-11 13:20:23 info: Database synced
2025-03-11 13:20:23 info: Platform setup
2025-03-11 13:20:23 info: Server running on port 3000
2025-03-11 13:20:31 info: Database connected
2025-03-11 13:20:31 info: Database synced
2025-03-11 13:20:31 info: Platform setup
2025-03-11 13:20:31 info: Server running on port 3000
2025-03-11 13:20:35 info: Database connected
2025-03-11 13:20:35 info: Database synced
2025-03-11 13:20:35 info: Platform setup
2025-03-11 13:20:35 info: Server running on port 3000
2025-03-11 13:20:57 info: Database connected
2025-03-11 13:20:57 info: Database synced
2025-03-11 13:20:57 info: Platform setup
2025-03-11 13:20:57 info: Server running on port 3000
2025-03-11 13:21:29 info: Database connected
2025-03-11 13:21:29 info: Database synced
2025-03-11 13:21:29 info: Platform setup
2025-03-11 13:21:29 info: Server running on port 3000
2025-03-11 13:21:44 info: Database connected
2025-03-11 13:21:44 info: Database synced
2025-03-11 13:21:44 info: Platform setup
2025-03-11 13:21:44 info: Server running on port 3000
2025-03-11 13:21:50 info: Database connected
2025-03-11 13:21:50 info: Database synced
2025-03-11 13:21:50 info: Platform setup
2025-03-11 13:21:50 info: Server running on port 3000
2025-03-11 13:21:51 info: Database connected
2025-03-11 13:21:51 info: Database synced
2025-03-11 13:21:51 info: Platform setup
2025-03-11 13:21:51 info: Server running on port 3000
2025-03-11 13:21:53 info: Database connected
2025-03-11 13:21:53 info: Database synced
2025-03-11 13:21:53 info: Platform setup
2025-03-11 13:21:53 info: Server running on port 3000
2025-03-11 13:21:54 info: Database connected
2025-03-11 13:21:54 info: Database synced
2025-03-11 13:21:54 info: Platform setup
2025-03-11 13:21:54 info: Server running on port 3000
2025-03-11 13:21:59 info: Database connected
2025-03-11 13:21:59 info: Database synced
2025-03-11 13:21:59 info: Platform setup
2025-03-11 13:21:59 info: Server running on port 3000
2025-03-11 13:22:01 info: Database connected
2025-03-11 13:22:02 info: Database synced
2025-03-11 13:22:02 info: Platform setup
2025-03-11 13:22:02 info: Server running on port 3000
2025-03-11 13:22:07 info: Database connected
2025-03-11 13:22:07 info: Database synced
2025-03-11 13:22:07 info: Platform setup
2025-03-11 13:22:07 info: Server running on port 3000
2025-03-11 13:22:14 info: Database connected
2025-03-11 13:22:14 info: Database synced
2025-03-11 13:22:14 info: Platform setup
2025-03-11 13:22:14 info: Server running on port 3000
2025-03-11 13:22:15 info: Database connected
2025-03-11 13:22:15 info: Database synced
2025-03-11 13:22:15 info: Platform setup
2025-03-11 13:22:15 info: Server running on port 3000
2025-03-11 13:22:23 info: Database connected
2025-03-11 13:22:24 info: Database synced
2025-03-11 13:22:24 info: Platform setup
2025-03-11 13:22:24 info: Server running on port 3000
2025-03-11 13:22:32 info: Database connected
2025-03-11 13:22:32 info: Database synced
2025-03-11 13:22:32 info: 
2025-03-11 13:22:32 info: Platform setup
2025-03-11 13:22:32 info: Server running on port 3000
2025-03-11 13:22:41 info: Database connected
2025-03-11 13:22:41 info: Database synced
2025-03-11 13:22:41 info: Platform setup
2025-03-11 13:22:41 info: Server running on port 3000
2025-03-11 13:22:45 info: Database connected
2025-03-11 13:22:45 info: Database synced
2025-03-11 13:22:45 info: Platform setup
2025-03-11 13:22:45 info: Server running on port 3000
2025-03-11 13:23:09 info: Database connected
2025-03-11 13:23:09 info: Database synced
2025-03-11 13:23:09 error: Missing where attribute in the options parameter passed to findOrCreate. Please note that the API has changed, and is now options only (an object with where, defaults keys, transaction etc.)
2025-03-11 13:23:09 info: Platform setup
2025-03-11 13:23:09 info: Server running on port 3000
2025-03-11 13:23:12 info: Database connected
2025-03-11 13:23:12 info: Database synced
2025-03-11 13:23:12 info: Platform setup
2025-03-11 13:23:12 info: Server running on port 3000
2025-03-11 13:23:15 info: Database connected
2025-03-11 13:23:15 info: Database synced
2025-03-11 13:23:15 error: c is not defined
2025-03-11 13:23:15 info: Platform setup
2025-03-11 13:23:15 info: Server running on port 3000
2025-03-11 13:23:37 info: Database connected
2025-03-11 13:23:37 info: Database synced
2025-03-11 13:23:37 info: Platform setup
2025-03-11 13:23:37 info: Server running on port 3000
2025-03-11 13:23:40 info: Database connected
2025-03-11 13:23:40 info: Database synced
2025-03-11 13:23:40 info: Platform setup
2025-03-11 13:23:40 info: Server running on port 3000
2025-03-11 13:23:56 info: Database connected
2025-03-11 13:23:56 info: Database synced
2025-03-11 13:23:56 info: Platform setup
2025-03-11 13:23:56 info: Server running on port 3000
2025-03-11 13:24:00 info: Database connected
2025-03-11 13:24:00 info: Database synced
2025-03-11 13:24:00 info: Platform setup
2025-03-11 13:24:00 info: Server running on port 3000
2025-03-11 13:24:05 info: Database connected
2025-03-11 13:24:05 info: Database synced
2025-03-11 13:24:05 info: Platform created with id: fc572e8d-b83b-4adf-a3cf-1d9dfa439190
2025-03-11 13:24:05 info: Platform setup
2025-03-11 13:24:05 info: Server running on port 3000
2025-03-11 13:24:17 info: Database connected
2025-03-11 13:24:17 info: Database synced
2025-03-11 13:24:17 info: Platform created with id: aacb0700-9e16-4e8a-9844-130d36fbed58
2025-03-11 13:24:17 info: Platform setup
2025-03-11 13:24:17 info: Server running on port 3000
2025-03-11 13:24:33 info: Database connected
2025-03-11 13:24:33 info: Database synced
2025-03-11 13:24:33 info: Platform already exists
2025-03-11 13:24:33 info: Platform setup
2025-03-11 13:24:33 info: Server running on port 3000
2025-03-11 13:24:43 info: Database connected
2025-03-11 13:24:43 info: Database synced
2025-03-11 13:24:43 info: Platform created with id: 33b83976-0dd1-47d9-b6eb-5210424a744a
2025-03-11 13:24:43 info: Platform setup
2025-03-11 13:24:43 info: Server running on port 3000
2025-03-11 13:24:50 info: Database connected
2025-03-11 13:24:50 info: Database synced
2025-03-11 13:24:50 error: l is not defined
2025-03-11 13:24:50 info: Platform setup
2025-03-11 13:24:50 info: Server running on port 3000
2025-03-11 13:24:56 info: Database connected
2025-03-11 13:24:56 info: Database synced
2025-03-11 13:24:56 info: Checking 
2025-03-11 13:24:56 info: Platform created with id: 761aea84-eaf3-43e0-9de1-94df6ddbac17
2025-03-11 13:24:56 info: Platform setup
2025-03-11 13:24:56 info: Server running on port 3000
2025-03-11 13:25:00 info: Database connected
2025-03-11 13:25:00 info: Database synced
2025-03-11 13:25:00 info: Checking platform 
2025-03-11 13:25:00 info: Platform created with id: 9d05ff40-2b95-4177-b7b9-74c7dee1c6ab
2025-03-11 13:25:00 info: Platform setup
2025-03-11 13:25:00 info: Server running on port 3000
2025-03-11 13:25:03 info: Database connected
2025-03-11 13:25:03 info: Database synced
2025-03-11 13:25:03 info: Checking platform s
2025-03-11 13:25:03 info: Platform created with id: 60e5ae20-8484-49e6-b55b-add6c266a2f5
2025-03-11 13:25:03 info: Platform setup
2025-03-11 13:25:03 info: Server running on port 3000
2025-03-11 13:25:04 info: Database connected
2025-03-11 13:25:04 info: Database synced
2025-03-11 13:25:04 info: Checking platform setup...
2025-03-11 13:25:04 info: Platform created with id: 5f5142ef-5c53-4f93-8bcb-398608845903
2025-03-11 13:25:04 info: Platform setup
2025-03-11 13:25:04 info: Server running on port 3000
2025-03-11 13:25:16 info: Database connected
2025-03-11 13:25:16 info: Database synced
2025-03-11 13:25:16 info: Checking platform setup...
2025-03-11 13:25:16 info: Platform created with id: 4d55e76d-4e17-4518-a362-5e5331a7e995
2025-03-11 13:25:16 info: Platform setup
2025-03-11 13:25:16 info: Server running on port 3000
2025-03-11 13:25:19 info: Database connected
2025-03-11 13:25:19 info: Database synced
2025-03-11 13:25:19 info: Checking platform setup...
2025-03-11 13:25:19 info: Platform created with id: 3af8516c-0051-4f79-a223-c9ca8e43b03c
2025-03-11 13:25:19 info: Platform setup
2025-03-11 13:25:19 info: Server running on port 3000
2025-03-11 13:25:20 info: Database connected
2025-03-11 13:25:20 info: Database synced
2025-03-11 13:25:20 info: Checking platform setup...
2025-03-11 13:25:20 info: Platform created with id: a20d9f50-2404-44c4-b2b0-9537646fcbef
2025-03-11 13:25:20 info: Platform setup
2025-03-11 13:25:20 info: Server running on port 3000
2025-03-11 13:25:22 info: Database connected
2025-03-11 13:25:22 info: Database synced
2025-03-11 13:25:22 info: Checking platform setup...
2025-03-11 13:25:22 info: Platform created with id: fd3dac70-7726-4308-9548-5605d401a02b
2025-03-11 13:25:22 info: Platform setup
2025-03-11 13:25:22 info: Server running on port 3000
2025-03-11 13:25:47 info: Database connected
2025-03-11 13:25:47 info: Database synced
2025-03-11 13:25:47 info: Checking platform setup...
2025-03-11 13:25:47 info: Platform created with id: 8871eeb2-2474-4215-961a-e20342988b9d
2025-03-11 13:25:47 info: Platform setup
2025-03-11 13:25:47 info: Server running on port 3000
2025-03-11 13:25:48 info: Database connected
2025-03-11 13:25:48 info: Database synced
2025-03-11 13:25:48 info: Checking platform setup...
2025-03-11 13:25:48 info: Platform created with id: 07036207-7d14-4ec0-b0bb-d80d319ee504
2025-03-11 13:25:48 info: Platform setup
2025-03-11 13:25:48 info: Server running on port 3000
2025-03-11 13:26:04 info: Database connected
2025-03-11 13:26:04 info: Database synced
2025-03-11 13:26:04 info: Checking platform setup...
2025-03-11 13:26:04 info: Platform created with id: 7e3ffb57-ab99-483d-874e-a4da57b4630f
2025-03-11 13:26:04 info: Platform setup
2025-03-11 13:26:04 info: Server running on port 3000
2025-03-11 13:26:09 info: Database connected
2025-03-11 13:26:09 info: Database synced
2025-03-11 13:26:09 info: Checking platform setup...
2025-03-11 13:26:09 info: Platform created with id: 120233c3-3cd1-443e-8c6d-8da8ecffdf5e
2025-03-11 13:26:09 info: Platform setup
2025-03-11 13:26:09 info: Server running on port 3000
2025-03-11 13:26:12 info: Database connected
2025-03-11 13:26:12 info: Database synced
2025-03-11 13:26:12 info: Checking platform setup...
2025-03-11 13:26:12 info: Platform created with id: 0da82d10-f6da-419f-93b5-d6522701b6c4
2025-03-11 13:26:12 info: Platform setup
2025-03-11 13:26:12 info: Server running on port 3000
2025-03-11 13:26:13 info: Database connected
2025-03-11 13:26:13 info: Database synced
2025-03-11 13:26:13 info: Checking platform setup...
2025-03-11 13:26:13 info: Platform created with id: 611d9890-8840-4588-933a-c6c1b5d7e392
2025-03-11 13:26:13 info: Platform setup
2025-03-11 13:26:13 info: Server running on port 3000
2025-03-11 13:26:29 info: Database connected
2025-03-11 13:26:29 info: Database synced
2025-03-11 13:26:29 info: Checking platform setup...
2025-03-11 13:26:29 info: Platform created with id: e16331f6-e877-429c-baff-3752070c2c7c
2025-03-11 13:26:29 info: Platform setup
2025-03-11 13:26:29 info: Server running on port 3000
2025-03-11 13:27:40 info: Database connected
2025-03-11 13:27:40 info: Database synced
2025-03-11 13:27:40 info: Checking platform setup...
2025-03-11 13:27:40 info: Platform created with id: e90e133b-8cc6-48cc-aa33-37e20af2cf45
2025-03-11 13:27:40 info: Platform setup
2025-03-11 13:27:40 info: Server running on port 3000
2025-03-11 13:27:59 info: Database connected
2025-03-11 13:27:59 info: Database synced
2025-03-11 13:27:59 info: Checking platform setup...
2025-03-11 13:27:59 info: Platform created with id: abc8f9ad-ea7f-4a2a-8b3f-e7c213c10cda
2025-03-11 13:27:59 info: Platform setup
2025-03-11 13:27:59 info: Server running on port 3000
2025-03-11 13:28:26 info: Database connected
2025-03-11 13:28:26 info: Database synced
2025-03-11 13:28:26 info: Checking platform setup...
2025-03-11 13:28:26 info: Platform created with id: df21b1da-ed4d-4164-aac8-934ce3243671
2025-03-11 13:28:26 info: Platform setup
2025-03-11 13:28:26 info: Server running on port 3000
2025-03-11 13:29:15 info: Database connected
2025-03-11 13:29:15 info: Database synced
2025-03-11 13:29:15 info: Checking platform setup...
2025-03-11 13:29:15 info: Platform created with id: ceac777a-08bb-4d7b-845e-dc65a8421033
2025-03-11 13:29:15 info: Platform setup
2025-03-11 13:29:15 info: Server running on port 3000
2025-03-11 13:29:33 info: Database connected
2025-03-11 13:29:33 info: Database synced
2025-03-11 13:29:33 info: Checking platform setup...
2025-03-11 13:29:33 info: Platform created with id: 2290b092-2a15-49f0-b5b8-7f705f725935
2025-03-11 13:29:33 info: Platform setup
2025-03-11 13:29:33 info: Server running on port 3000
2025-03-11 13:31:18 info: Database connected
2025-03-11 13:31:18 info: Database synced
2025-03-11 13:31:18 info: Checking platform setup...
2025-03-11 13:31:18 info: Platform created with id: ce0e1c3b-f13b-4548-abd7-1203cdd9c274
2025-03-11 13:31:18 info: Platform setup
2025-03-11 13:31:18 info: Server running on port 3000
2025-03-11 13:31:30 info: Database connected
2025-03-11 13:31:30 info: Database synced
2025-03-11 13:31:30 info: Checking platform setup...
2025-03-11 13:31:30 info: Platform created with id: 0c95dec6-d0dc-4f80-af68-f3c4b54a2066
2025-03-11 13:31:30 info: Platform setup
2025-03-11 13:31:30 info: Server running on port 3000
2025-03-11 13:31:50 info: Database connected
2025-03-11 13:31:50 info: Database synced
2025-03-11 13:31:50 info: Checking platform setup...
2025-03-11 13:31:50 info: Platform created with id: edcca87a-849e-4746-8114-4b02cb042be3
2025-03-11 13:31:50 info: Platform setup
2025-03-11 13:31:50 info: Server running on port 3000
2025-03-11 13:31:57 info: Database connected
2025-03-11 13:31:57 info: Database synced
2025-03-11 13:31:57 info: Checking platform setup...
2025-03-11 13:31:57 info: Platform created with id: f470d256-af91-420a-8534-6fb858e37296
2025-03-11 13:31:57 info: Platform setup
2025-03-11 13:31:57 info: Server running on port 3000
2025-03-11 13:32:07 info: Database connected
2025-03-11 13:32:07 info: Database synced
2025-03-11 13:32:07 info: Checking platform setup...
2025-03-11 13:32:07 info: Platform created with id: 83d9c5f7-6097-45d7-a736-e08113faf169
2025-03-11 13:32:07 info: Platform setup
2025-03-11 13:32:07 info: Server running on port 3000
2025-03-11 13:32:12 info: Database connected
2025-03-11 13:32:12 info: Database synced
2025-03-11 13:32:12 info: Checking platform setup...
2025-03-11 13:32:12 info: Platform created with id: f59fcff6-201b-4493-81cd-4b157045474e
2025-03-11 13:32:12 info: Platform setup
2025-03-11 13:32:12 info: Server running on port 3000
2025-03-11 13:32:14 info: Database connected
2025-03-11 13:32:14 info: Database synced
2025-03-11 13:32:14 info: Checking platform setup...
2025-03-11 13:32:14 info: Platform created with id: e0c71835-18d1-4d64-9435-64820a0c6dd1
2025-03-11 13:32:14 info: Platform setup
2025-03-11 13:32:14 info: Server running on port 3000
2025-03-11 13:32:17 info: Database connected
2025-03-11 13:32:17 info: Database synced
2025-03-11 13:32:17 info: Checking platform setup...
2025-03-11 13:32:17 info: Platform created with id: fb2a3351-ddcf-4794-bcf3-42312cecd67c
2025-03-11 13:32:17 info: Platform setup
2025-03-11 13:32:17 info: Server running on port 3000
2025-03-11 13:32:23 info: Database connected
2025-03-11 13:32:23 info: Database synced
2025-03-11 13:32:23 info: Checking platform setup...
2025-03-11 13:32:23 info: Platform created with id: 753c1c83-f05b-49f3-a52a-de8c71006d47
2025-03-11 13:32:23 info: Platform setup
2025-03-11 13:32:23 info: Server running on port 3000
2025-03-11 13:32:27 info: Database connected
2025-03-11 13:32:27 info: Database synced
2025-03-11 13:32:27 info: Checking platform setup...
2025-03-11 13:32:27 info: Platform created with id: 7a7443bd-d51b-4563-a067-8067f177e362
2025-03-11 13:32:27 info: Platform setup
2025-03-11 13:32:27 info: Server running on port 3000
2025-03-11 13:32:28 info: Database connected
2025-03-11 13:32:28 info: Database synced
2025-03-11 13:32:28 info: Checking platform setup...
2025-03-11 13:32:28 info: Platform created with id: ecd8cd34-9353-4594-9b5d-a8a2662a2266
2025-03-11 13:32:28 info: Platform setup
2025-03-11 13:32:28 info: Server running on port 3000
2025-03-11 13:32:39 info: Database connected
2025-03-11 13:32:39 info: Database synced
2025-03-11 13:32:39 info: Checking platform setup...
2025-03-11 13:32:39 info: Platform created with id: d10250a2-f4bc-4164-83cc-df3ba4bf265e
2025-03-11 13:32:39 info: Platform setup
2025-03-11 13:32:39 info: Server running on port 3000
2025-03-11 13:32:41 info: Database connected
2025-03-11 13:32:41 info: Database synced
2025-03-11 13:32:41 info: Checking platform setup...
2025-03-11 13:32:41 info: Platform created with id: 20338c84-11b5-4883-a84e-49de484c7528
2025-03-11 13:32:41 info: Platform setup
2025-03-11 13:32:41 info: Server running on port 3000
2025-03-11 13:32:46 info: Database connected
2025-03-11 13:32:46 info: Database synced
2025-03-11 13:32:46 info: Checking platform setup...
2025-03-11 13:32:46 info: Platform created with id: 79d5f04e-6d16-412a-9228-c14a1f98a81e
2025-03-11 13:32:46 info: Platform setup
2025-03-11 13:32:46 info: Server running on port 3000
2025-03-11 13:32:49 info: Database connected
2025-03-11 13:32:49 info: Database synced
2025-03-11 13:32:49 info: Checking platform setup...
2025-03-11 13:32:49 info: Platform created with id: 816bc220-104f-4d9b-af70-6007a0150c81
2025-03-11 13:32:49 info: Platform setup
2025-03-11 13:32:49 info: Server running on port 3000
2025-03-11 13:32:56 info: Database connected
2025-03-11 13:32:56 info: Database synced
2025-03-11 13:32:56 info: Checking platform setup...
2025-03-11 13:32:56 info: Platform created with id: d2715080-c5a1-494a-aff6-a8f84b28e4a0
2025-03-11 13:32:56 info: Platform setup
2025-03-11 13:32:56 info: Server running on port 3000
2025-03-11 13:33:01 info: Database connected
2025-03-11 13:33:01 info: Database synced
2025-03-11 13:33:01 info: Checking platform setup...
2025-03-11 13:33:01 info: Platform created with id: 5f994822-485f-4067-bf6a-1ea9df0ae744
2025-03-11 13:33:01 info: Platform setup
2025-03-11 13:33:01 info: Server running on port 3000
2025-03-11 13:33:03 info: Database connected
2025-03-11 13:33:03 info: Database synced
2025-03-11 13:33:03 info: Checking platform setup...
2025-03-11 13:33:03 info: Platform created with id: f6403694-7fd4-4adc-a2c1-efa496e06a08
2025-03-11 13:33:03 info: Platform setup
2025-03-11 13:33:03 info: Server running on port 3000
2025-03-11 13:33:06 info: Database connected
2025-03-11 13:33:06 info: Database synced
2025-03-11 13:33:06 info: Checking platform setup...
2025-03-11 13:33:06 info: Platform created with id: 6f886930-1612-4819-b7f8-1a3bcf4ea57d
2025-03-11 13:33:06 info: Platform setup
2025-03-11 13:33:06 info: Server running on port 3000
2025-03-11 13:33:52 info: Database connected
2025-03-11 13:33:52 info: Database synced
2025-03-11 13:33:52 info: Checking platform setup...
2025-03-11 13:33:53 info: Platform created with id: b832004d-e1b3-4d53-b72a-0b115693b393
2025-03-11 13:33:53 info: Platform setup
2025-03-11 13:33:53 info: Server running on port 3000
2025-03-11 13:34:14 info: Database connected
2025-03-11 13:34:14 info: Database synced
2025-03-11 13:34:14 info: Checking platform setup...
2025-03-11 13:34:14 info: Platform created with id: bab332c0-ef58-44c0-87e8-205adac8967d
2025-03-11 13:34:14 info: Platform setup
2025-03-11 13:34:14 info: Server running on port 3000
2025-03-11 13:34:21 info: Database connected
2025-03-11 13:34:21 info: Database synced
2025-03-11 13:34:21 info: Checking platform setup...
2025-03-11 13:34:21 info: Platform created with id: 00bf0195-a4f4-4935-8bc3-b4d1cce787df
2025-03-11 13:34:21 info: Platform setup
2025-03-11 13:34:21 info: Server running on port 3000
2025-03-11 13:34:23 info: Database connected
2025-03-11 13:34:23 info: Database synced
2025-03-11 13:34:23 info: Checking platform setup...
2025-03-11 13:34:23 info: Platform created with id: 6941e8db-5200-4beb-8286-1166396abc3a
2025-03-11 13:34:23 info: Platform setup
2025-03-11 13:34:23 info: Server running on port 3000
2025-03-11 13:34:26 info: Database connected
2025-03-11 13:34:26 info: Database synced
2025-03-11 13:34:26 info: Checking platform setup...
2025-03-11 13:34:26 info: Platform created with id: dd52ed00-adb2-45f5-8d56-cea6f15d6d76
2025-03-11 13:34:26 info: Platform setup
2025-03-11 13:34:26 info: Server running on port 3000
2025-03-11 13:34:36 info: Database connected
2025-03-11 13:34:36 info: Database synced
2025-03-11 13:34:36 info: Checking platform setup...
2025-03-11 13:34:36 info: Platform created with id: 2aedea05-84e7-4133-bf3c-0a1ee7583969
2025-03-11 13:34:36 info: Platform setup
2025-03-11 13:34:36 info: Server running on port 3000
2025-03-11 13:37:26 error: Cannot read properties of undefined (reading 'belongsTo')
2025-03-11 13:37:29 info: Database connected
2025-03-11 13:37:29 info: Database synced
2025-03-11 13:37:29 info: Checking platform setup...
2025-03-11 13:37:29 info: Platform created with id: 139fc4e3-740f-4e85-9d5c-bd09e0fab6df
2025-03-11 13:37:29 info: Platform setup
2025-03-11 13:37:29 info: Server running on port 3000
2025-03-11 13:37:33 info: Database connected
2025-03-11 13:37:33 info: Database synced
2025-03-11 13:37:33 info: Checking platform setup...
2025-03-11 13:37:33 info: Platform created with id: 47b6fd2f-29ef-4277-b8c4-f7b833a26cc8
2025-03-11 13:37:33 info: Platform setup
2025-03-11 13:37:33 info: Server running on port 3000
2025-03-11 13:37:35 error: Cannot read properties of undefined (reading 'belongsTo')
2025-03-11 13:37:41 info: Database connected
2025-03-11 13:37:41 info: Database synced
2025-03-11 13:37:41 info: Checking platform setup...
2025-03-11 13:37:41 info: Platform created with id: e4edbbc5-dce5-479c-998e-9991af849a5c
2025-03-11 13:37:41 info: Platform setup
2025-03-11 13:37:41 info: Server running on port 3000
2025-03-11 13:39:05 info: Database connected
2025-03-11 13:39:05 info: Database synced
2025-03-11 13:39:05 info: Checking platform setup...
2025-03-11 13:39:05 info: Platform created with id: ce818d0b-c791-4567-9f34-77094330553a
2025-03-11 13:39:05 info: Platform setup
2025-03-11 13:39:05 info: Server running on port 3000
2025-03-11 13:39:10 info: Database connected
2025-03-11 13:39:11 info: Database synced
2025-03-11 13:39:11 info: Checking platform setup...
2025-03-11 13:39:11 info: Platform created with id: 074f8ea7-3484-42c6-a418-29e957a90ac0
2025-03-11 13:39:11 info: Platform setup
2025-03-11 13:39:11 info: Server running on port 3000
2025-03-11 13:39:14 info: Database connected
2025-03-11 13:39:14 info: Database synced
2025-03-11 13:39:14 info: Checking platform setup...
2025-03-11 13:39:14 info: Platform created with id: 65b9638f-0938-4c30-8432-6bf4e167950c
2025-03-11 13:39:14 info: Platform setup
2025-03-11 13:39:14 info: Server running on port 3000
2025-03-11 13:39:19 info: Database connected
2025-03-11 13:39:19 info: Database synced
2025-03-11 13:39:19 info: Checking platform setup...
2025-03-11 13:39:19 info: Platform created with id: 77c29bc2-aa4a-4bf4-9b58-2fc0feccba0b
2025-03-11 13:39:19 info: Platform setup
2025-03-11 13:39:19 info: Server running on port 3000
2025-03-11 13:39:28 info: Database connected
2025-03-11 13:39:29 info: Database synced
2025-03-11 13:39:29 info: Checking platform setup...
2025-03-11 13:39:29 info: Platform created with id: b1a98b09-4693-4a27-8f21-64e29670f930
2025-03-11 13:39:29 info: Platform setup
2025-03-11 13:39:29 info: Server running on port 3000
2025-03-11 13:39:32 info: Database connected
2025-03-11 13:39:32 info: Database synced
2025-03-11 13:39:32 info: Checking platform setup...
2025-03-11 13:39:32 info: Platform created with id: c28f0dbf-f4dd-4c68-80c6-b84a3da8efdc
2025-03-11 13:39:32 info: Platform setup
2025-03-11 13:39:32 info: Server running on port 3000
2025-03-11 13:39:36 info: Database connected
2025-03-11 13:39:36 info: Database synced
2025-03-11 13:39:36 info: Checking platform setup...
2025-03-11 13:39:36 info: Platform created with id: 374f946d-8741-4bd0-ae1d-91b39f77b925
2025-03-11 13:39:36 info: Platform setup
2025-03-11 13:39:36 info: Server running on port 3000
2025-03-11 13:39:37 info: Database connected
2025-03-11 13:39:37 info: Database synced
2025-03-11 13:39:37 info: Checking platform setup...
2025-03-11 13:39:37 info: Platform created with id: a3f1136d-d1b5-4464-98f0-d58ad0d9de01
2025-03-11 13:39:37 info: Platform setup
2025-03-11 13:39:37 info: Server running on port 3000
2025-03-11 13:39:41 info: Database connected
2025-03-11 13:39:42 info: Database synced
2025-03-11 13:39:42 info: Checking platform setup...
2025-03-11 13:39:42 info: Platform created with id: 1fb7026f-065e-4f69-b8a9-30304a562eab
2025-03-11 13:39:42 info: Platform setup
2025-03-11 13:39:42 info: Server running on port 3000
2025-03-11 13:39:46 info: Database connected
2025-03-11 13:39:46 info: Database synced
2025-03-11 13:39:46 info: Checking platform setup...
2025-03-11 13:39:46 info: Platform created with id: c94ad03f-7ccf-4f0a-a21c-f594457a3dc9
2025-03-11 13:39:46 info: Platform setup
2025-03-11 13:39:46 info: Server running on port 3000
2025-03-11 13:39:51 info: Database connected
2025-03-11 13:39:51 info: Database synced
2025-03-11 13:39:51 info: Checking platform setup...
2025-03-11 13:39:51 info: Platform created with id: c0591513-f58a-4580-8e6d-ac2e7b7eceb8
2025-03-11 13:39:51 info: Platform setup
2025-03-11 13:39:51 info: Server running on port 3000
2025-03-11 13:40:02 info: Database connected
2025-03-11 13:40:02 info: Database synced
2025-03-11 13:40:02 info: Checking platform setup...
2025-03-11 13:40:02 info: Platform created with id: 3c465929-3015-4586-bb9b-75b8345e1e42
2025-03-11 13:40:02 info: Platform setup
2025-03-11 13:40:02 info: Server running on port 3000
2025-03-11 13:40:06 info: Database connected
2025-03-11 13:40:06 info: Database synced
2025-03-11 13:40:06 info: Checking platform setup...
2025-03-11 13:40:06 info: Platform created with id: c57a358b-e574-4520-9b15-9c4210a7ea3d
2025-03-11 13:40:06 info: Platform setup
2025-03-11 13:40:06 info: Server running on port 3000
2025-03-11 13:40:14 info: Database connected
2025-03-11 13:40:14 info: Database synced
2025-03-11 13:40:14 info: Checking platform setup...
2025-03-11 13:40:14 info: Platform created with id: d255a245-e763-45da-a17c-4a6203242686
2025-03-11 13:40:14 info: Platform setup
2025-03-11 13:40:14 info: Server running on port 3000
2025-03-11 13:40:17 info: Database connected
2025-03-11 13:40:17 info: Database synced
2025-03-11 13:40:17 info: Checking platform setup...
2025-03-11 13:40:17 info: Platform created with id: 11079ea4-209d-4369-af21-3e7a3b0c17dd
2025-03-11 13:40:17 info: Platform setup
2025-03-11 13:40:17 info: Server running on port 3000
2025-03-11 13:40:18 info: Database connected
2025-03-11 13:40:18 info: Database synced
2025-03-11 13:40:18 info: Checking platform setup...
2025-03-11 13:40:18 info: Platform created with id: 78d71e0a-06c2-4fbb-86f6-7508e88573ed
2025-03-11 13:40:18 info: Platform setup
2025-03-11 13:40:18 info: Server running on port 3000
2025-03-11 13:41:57 info: Database connected
2025-03-11 13:41:58 info: Database synced
2025-03-11 13:41:58 info: Checking platform setup...
2025-03-11 13:41:58 info: Platform created with id: 74e8372f-d507-434c-b9d7-1976e7618c28
2025-03-11 13:41:58 info: Platform setup
2025-03-11 13:41:58 info: Server running on port 3000
2025-03-11 13:43:57 info: Database connected
2025-03-11 13:43:57 info: Database synced
2025-03-11 13:43:57 info: Checking platform setup...
2025-03-11 13:43:57 info: Platform created with id: 151b19f0-8084-400f-93ac-368e27d724b3
2025-03-11 13:43:57 info: Platform setup
2025-03-11 13:43:57 info: Server running on port 3000
2025-03-11 13:44:47 info: Database connected
2025-03-11 13:44:47 info: Database synced
2025-03-11 13:44:47 info: Checking platform setup...
2025-03-11 13:44:47 info: Platform created with id: 03e3539a-bddf-4f11-9131-2fea07ae28fb
2025-03-11 13:44:47 info: Platform setup
2025-03-11 13:44:47 info: Server running on port 3000
2025-03-11 13:44:50 info: Database connected
2025-03-11 13:44:50 info: Database synced
2025-03-11 13:44:50 info: Checking platform setup...
2025-03-11 13:44:50 info: Platform created with id: 00be1131-144c-47c2-90cd-0ef3104f6508
2025-03-11 13:44:50 info: Platform setup
2025-03-11 13:44:50 info: Server running on port 3000
2025-03-11 13:45:04 info: Database connected
2025-03-11 13:45:04 info: Database synced
2025-03-11 13:45:04 info: Checking platform setup...
2025-03-11 13:45:04 info: Platform created with id: 9e31c2f2-cac3-441d-841e-7a9f3f9c71a6
2025-03-11 13:45:04 info: Platform setup
2025-03-11 13:45:04 info: Server running on port 3000
2025-03-11 13:45:17 info: Database connected
2025-03-11 13:45:17 info: Database synced
2025-03-11 13:45:17 info: Checking platform setup...
2025-03-11 13:45:17 info: Platform created with id: 45a38d4c-96b8-474f-b361-56919e064883
2025-03-11 13:45:17 info: Platform setup
2025-03-11 13:45:17 info: Server running on port 3000
2025-03-11 13:45:19 info: Database connected
2025-03-11 13:45:19 info: Database synced
2025-03-11 13:45:19 info: Checking platform setup...
2025-03-11 13:45:19 info: Platform created with id: 8e3b96b9-a612-4561-8dee-5fefbfc8ed1d
2025-03-11 13:45:19 info: Platform setup
2025-03-11 13:45:19 info: Server running on port 3000
2025-03-11 13:45:48 info: Database connected
2025-03-11 13:45:48 info: Database synced
2025-03-11 13:45:48 info: Checking platform setup...
2025-03-11 13:45:48 info: Platform created with id: f8371e18-8fd1-44a9-afad-086cd9c304f7
2025-03-11 13:45:48 info: Platform setup
2025-03-11 13:45:48 info: Server running on port 3000
2025-03-11 13:45:57 info: Database connected
2025-03-11 13:45:57 info: Database synced
2025-03-11 13:45:57 info: Checking platform setup...
2025-03-11 13:45:57 info: Platform created with id: 1cce06e4-e57a-4111-b8f0-430fe1242042
2025-03-11 13:45:57 info: Platform setup
2025-03-11 13:45:57 info: Server running on port 3000
2025-03-11 13:46:10 info: Database connected
2025-03-11 13:46:10 info: Database synced
2025-03-11 13:46:10 info: Checking platform setup...
2025-03-11 13:46:10 info: Platform created with id: a6a5c054-6b89-4081-b052-925127c80745
2025-03-11 13:46:10 info: Platform setup
2025-03-11 13:46:10 info: Server running on port 3000
2025-03-11 13:46:15 info: Database connected
2025-03-11 13:46:15 info: Database synced
2025-03-11 13:46:15 info: Checking platform setup...
2025-03-11 13:46:15 info: Platform created with id: a0ee1719-b98a-4b60-8f4c-e7bc21c331dc
2025-03-11 13:46:15 info: Platform setup
2025-03-11 13:46:15 info: Server running on port 3000
2025-03-11 13:46:18 info: Database connected
2025-03-11 13:46:18 info: Database synced
2025-03-11 13:46:18 info: Checking platform setup...
2025-03-11 13:46:18 info: Platform created with id: 4542a3de-6168-4c27-94d3-01267fb59134
2025-03-11 13:46:18 info: Platform setup
2025-03-11 13:46:18 info: Server running on port 3000
2025-03-11 13:46:24 info: Database connected
2025-03-11 13:46:24 info: Database synced
2025-03-11 13:46:24 info: Checking platform setup...
2025-03-11 13:46:24 info: Platform created with id: d31f4b27-592d-47fb-b3c7-70971de7eb8d
2025-03-11 13:46:24 info: Platform setup
2025-03-11 13:46:24 info: Server running on port 3000
2025-03-11 13:46:29 info: Database connected
2025-03-11 13:46:29 info: Database synced
2025-03-11 13:46:29 info: Checking platform setup...
2025-03-11 13:46:29 info: Platform created with id: 08382096-f944-497a-bdaa-5f916587ca9c
2025-03-11 13:46:29 info: Platform setup
2025-03-11 13:46:29 info: Server running on port 3000
2025-03-11 13:46:31 info: Database connected
2025-03-11 13:46:31 info: Database synced
2025-03-11 13:46:31 info: Checking platform setup...
2025-03-11 13:46:31 info: Platform created with id: 6038be5f-a614-4dc9-bfb4-ae1cfd7aa20a
2025-03-11 13:46:31 info: Platform setup
2025-03-11 13:46:31 info: Server running on port 3000
2025-03-11 13:46:34 info: Database connected
2025-03-11 13:46:34 info: Database synced
2025-03-11 13:46:34 info: Checking platform setup...
2025-03-11 13:46:34 info: Platform created with id: 14f113d5-5d26-4e95-98d3-d7548e22ae2c
2025-03-11 13:46:34 info: Platform setup
2025-03-11 13:46:34 info: Server running on port 3000
2025-03-11 13:46:37 info: Database connected
2025-03-11 13:46:37 info: Database synced
2025-03-11 13:46:37 info: Checking platform setup...
2025-03-11 13:46:37 info: Platform created with id: 4fca0719-e0b7-4385-a0ae-3570e48a50c5
2025-03-11 13:46:37 info: Platform setup
2025-03-11 13:46:37 info: Server running on port 3000
2025-03-11 13:46:40 info: Database connected
2025-03-11 13:46:40 info: Database synced
2025-03-11 13:46:40 info: Checking platform setup...
2025-03-11 13:46:40 info: Platform created with id: 4b938455-c9f0-4581-a80e-c669adfc34c9
2025-03-11 13:46:40 info: Platform setup
2025-03-11 13:46:40 info: Server running on port 3000
2025-03-11 13:46:55 info: Database connected
2025-03-11 13:46:55 info: Database synced
2025-03-11 13:46:55 info: Checking platform setup...
2025-03-11 13:46:55 info: Platform created with id: efb090bc-5b3a-4cb3-a86f-2fa1248b2bfe
2025-03-11 13:46:55 info: Platform setup
2025-03-11 13:46:55 info: Server running on port 3000
2025-03-11 13:46:57 info: Database connected
2025-03-11 13:46:57 info: Database synced
2025-03-11 13:46:57 info: Checking platform setup...
2025-03-11 13:46:57 info: Platform created with id: 5ce3a9dc-a71e-4970-9b13-02fe39f94a6d
2025-03-11 13:46:57 info: Platform setup
2025-03-11 13:46:57 info: Server running on port 3000
2025-03-11 13:47:07 info: Database connected
2025-03-11 13:47:07 info: Database synced
2025-03-11 13:47:07 info: Checking platform setup...
2025-03-11 13:47:07 info: Platform created with id: 224b019c-27cb-4685-a2d4-3f2b7df83be7
2025-03-11 13:47:07 info: Platform setup
2025-03-11 13:47:07 info: Server running on port 3000
2025-03-11 13:47:10 info: Database connected
2025-03-11 13:47:10 info: Database synced
2025-03-11 13:47:10 info: Checking platform setup...
2025-03-11 13:47:10 info: Platform created with id: 89d7bc50-46ff-4576-8884-3beb460a4734
2025-03-11 13:47:10 info: Platform setup
2025-03-11 13:47:10 info: Server running on port 3000
2025-03-11 13:47:12 info: Database connected
2025-03-11 13:47:13 info: Database synced
2025-03-11 13:47:13 info: Checking platform setup...
2025-03-11 13:47:13 info: Platform created with id: 7914e77a-1bb0-40ad-b49e-a74854216dac
2025-03-11 13:47:13 info: Platform setup
2025-03-11 13:47:13 info: Server running on port 3000
2025-03-11 13:47:16 info: Database connected
2025-03-11 13:47:16 info: Database synced
2025-03-11 13:47:16 info: Checking platform setup...
2025-03-11 13:47:16 info: Platform created with id: ddf896d4-8e7b-4188-983a-8c30878eaef9
2025-03-11 13:47:16 info: Platform setup
2025-03-11 13:47:16 info: Server running on port 3000
2025-03-11 13:47:20 info: Database connected
2025-03-11 13:47:20 info: Database synced
2025-03-11 13:47:20 info: Checking platform setup...
2025-03-11 13:47:20 info: Platform created with id: bfbbed6d-e41a-4e5a-9765-c66999d23a26
2025-03-11 13:47:20 info: Platform setup
2025-03-11 13:47:20 info: Server running on port 3000
2025-03-11 13:47:22 info: Database connected
2025-03-11 13:47:22 info: Database synced
2025-03-11 13:47:22 info: Checking platform setup...
2025-03-11 13:47:22 info: Platform created with id: 681f0ffd-93e9-47d2-921e-c475e89d5cea
2025-03-11 13:47:22 info: Platform setup
2025-03-11 13:47:22 info: Server running on port 3000
2025-03-11 13:47:33 info: Database connected
2025-03-11 13:47:33 info: Database synced
2025-03-11 13:47:33 info: Checking platform setup...
2025-03-11 13:47:33 info: Platform created with id: 5d095594-906f-4b88-8fe9-d9a683572f71
2025-03-11 13:47:33 info: Platform setup
2025-03-11 13:47:33 info: Server running on port 3000
2025-03-11 13:47:34 info: Database connected
2025-03-11 13:47:34 info: Database synced
2025-03-11 13:47:34 info: Checking platform setup...
2025-03-11 13:47:34 info: Platform created with id: b1c455ac-724c-4454-91de-a8feb28ed6a6
2025-03-11 13:47:34 info: Platform setup
2025-03-11 13:47:34 info: Server running on port 3000
2025-03-11 13:47:38 info: Database connected
2025-03-11 13:47:38 info: Database synced
2025-03-11 13:47:38 info: Checking platform setup...
2025-03-11 13:47:38 info: Platform created with id: 009899b1-93d2-448a-a584-d11ef351d66d
2025-03-11 13:47:38 info: Platform setup
2025-03-11 13:47:38 info: Server running on port 3000
2025-03-11 13:47:45 info: Database connected
2025-03-11 13:47:45 info: Database synced
2025-03-11 13:47:45 info: Checking platform setup...
2025-03-11 13:47:45 info: Platform created with id: 9e382d6c-b557-4410-94dd-ab70057de3c2
2025-03-11 13:47:45 info: Platform setup
2025-03-11 13:47:45 info: Server running on port 3000
2025-03-11 13:47:48 info: Database connected
2025-03-11 13:47:48 info: Database synced
2025-03-11 13:47:48 info: Checking platform setup...
2025-03-11 13:47:48 info: Platform created with id: 096a7f70-a069-4e93-b264-fc7e5951b8d5
2025-03-11 13:47:48 info: Platform setup
2025-03-11 13:47:48 info: Server running on port 3000
2025-03-11 13:47:50 info: Database connected
2025-03-11 13:47:50 info: Database synced
2025-03-11 13:47:50 info: Checking platform setup...
2025-03-11 13:47:50 info: Platform created with id: 121b2642-d067-488d-b1b4-73fa946475d4
2025-03-11 13:47:50 info: Platform setup
2025-03-11 13:47:50 info: Server running on port 3000
2025-03-11 13:47:56 info: Database connected
2025-03-11 13:47:56 info: Database synced
2025-03-11 13:47:56 info: Checking platform setup...
2025-03-11 13:47:56 info: Platform created with id: c4b3a6c2-53ef-4176-b1b2-1d7cf08c26f0
2025-03-11 13:47:56 info: Platform setup
2025-03-11 13:47:56 info: Server running on port 3000
2025-03-11 13:48:00 info: Database connected
2025-03-11 13:48:01 info: Database synced
2025-03-11 13:48:01 info: Checking platform setup...
2025-03-11 13:48:01 info: Platform created with id: 3244a9ed-dd05-4718-985e-9d3de633a46d
2025-03-11 13:48:01 info: Platform setup
2025-03-11 13:48:01 info: Server running on port 3000
2025-03-11 13:48:03 info: Database connected
2025-03-11 13:48:03 info: Database synced
2025-03-11 13:48:03 info: Checking platform setup...
2025-03-11 13:48:03 info: Platform created with id: f3a54b1b-14a9-4189-bf93-d715720612c2
2025-03-11 13:48:03 info: Platform setup
2025-03-11 13:48:03 info: Server running on port 3000
2025-03-11 13:51:22 info: Database connected
2025-03-11 13:51:22 info: Database synced
2025-03-11 13:51:22 info: Checking platform setup...
2025-03-11 13:51:22 info: Platform created with id: 4b1d6820-0e3f-4fb3-a3f2-e2df212651cd
2025-03-11 13:51:22 info: Platform setup
2025-03-11 13:51:22 info: Server running on port 3000
2025-03-11 13:51:47 error: DataTypes is not defined
2025-03-11 13:51:54 error: DataTypes is not defined
2025-03-11 13:51:55 error: DataTypes is not defined
2025-03-11 13:52:00 error: DataTypes is not defined
2025-03-11 13:52:04 error: DataTypes is not defined
2025-03-11 13:52:10 error: DataTypes is not defined
2025-03-11 13:52:15 error: DataTypes is not defined
2025-03-11 13:52:51 error: DataTypes is not defined
2025-03-11 13:52:54 error: DataTypes is not defined
2025-03-11 13:53:04 error: DataTypes is not defined
2025-03-11 13:53:08 error: DataTypes is not defined
2025-03-11 13:53:15 error: DataTypes is not defined
2025-03-11 13:53:24 error: DataTypes is not defined
2025-03-11 13:53:26 error: UUIDV4 is not defined
2025-03-11 13:53:41 error: PlatformUserRole.belongsToMany(PlatformUser) requires through option, pass either a string or a model
2025-03-11 13:53:43 error: PlatformUserRole.belongsToMany(PlatformUser) requires through option, pass either a string or a model
2025-03-11 13:54:00 error: PlatformUserRole.belongsToMany(PlatformUser) requires through option, pass either a string or a model
2025-03-11 13:54:02 error: t is not defined
2025-03-11 13:54:03 error: through is not defined
2025-03-11 13:54:06 error: You have used the alias PlatformUserRole in two separate associations. Aliased associations must have unique aliases.
2025-03-11 13:54:15 error: You have used the alias PlatformUserRole in two separate associations. Aliased associations must have unique aliases.
2025-03-11 13:54:23 error: You have used the alias PlatformUserRole in two separate associations. Aliased associations must have unique aliases.
2025-03-11 13:54:40 error: You have used the alias PlatformUserRole in two separate associations. Aliased associations must have unique aliases.
2025-03-11 13:54:41 error: You have used the alias PlatformUserRole in two separate associations. Aliased associations must have unique aliases.
2025-03-11 13:54:47 error: You have used the alias PlatformUserRole in two separate associations. Aliased associations must have unique aliases.
2025-03-11 13:55:00 info: Database connected
2025-03-11 13:55:00 info: Database synced
2025-03-11 13:55:00 info: Checking platform setup...
2025-03-11 13:55:00 info: Platform created with id: 788d590a-f3d5-4b22-a3fd-9ff88cbf2ae6
2025-03-11 13:55:00 info: Platform setup
2025-03-11 13:55:00 info: Server running on port 3000
2025-03-11 13:56:50 info: Database connected
2025-03-11 13:56:50 info: Database synced
2025-03-11 13:56:50 info: Checking platform setup...
2025-03-11 13:56:50 info: Platform created with id: fdd581b8-62e6-4bec-b8f8-dcdf7184b5c2
2025-03-11 13:56:50 info: Platform setup
2025-03-11 13:56:50 info: Server running on port 3000
2025-03-11 13:56:57 info: Database connected
2025-03-11 13:56:57 info: Database synced
2025-03-11 13:56:57 info: Checking platform setup...
2025-03-11 13:56:57 info: Platform created with id: f7bf336a-ff63-4fed-b6bc-eee5d22fe263
2025-03-11 13:56:57 info: Platform setup
2025-03-11 13:56:57 info: Server running on port 3000
2025-03-11 13:57:10 error: pur is not defined
2025-03-11 13:57:13 info: Database connected
2025-03-11 13:57:13 info: Database synced
2025-03-11 13:57:13 info: Checking platform setup...
2025-03-11 13:57:13 info: Platform created with id: 7024ccf9-74d9-4b5c-a364-61ae8e268109
2025-03-11 13:57:13 info: Platform setup
2025-03-11 13:57:13 info: Server running on port 3000
2025-03-11 13:57:40 info: Database connected
2025-03-11 13:57:40 info: Database synced
2025-03-11 13:57:40 info: Checking platform setup...
2025-03-11 13:57:40 info: Platform created with id: 55a2b519-ed1d-460e-b00d-d1b286f61a39
2025-03-11 13:57:40 info: Platform setup
2025-03-11 13:57:40 info: Server running on port 3000
2025-03-11 13:57:44 info: Database connected
2025-03-11 13:57:44 info: Database synced
2025-03-11 13:57:44 info: Checking platform setup...
2025-03-11 13:57:44 info: Platform created with id: c5b567e8-c98f-4729-988e-11ca197e23b2
2025-03-11 13:57:44 info: Platform setup
2025-03-11 13:57:44 info: Server running on port 3000
2025-03-11 13:57:51 info: Database connected
2025-03-11 13:57:51 info: Database synced
2025-03-11 13:57:51 info: Checking platform setup...
2025-03-11 13:57:51 info: Platform created with id: 054f857e-0ea9-4cdf-9392-7585c4e50dbb
2025-03-11 13:57:51 info: Checking platform owner
2025-03-11 13:57:51 info: Platform setup
2025-03-11 13:57:51 info: Server running on port 3000
2025-03-11 13:57:54 info: Database connected
2025-03-11 13:57:54 info: Database synced
2025-03-11 13:57:54 info: Checking platform setup...
2025-03-11 13:57:54 info: Platform created with id: eb2e510c-b030-4dba-809e-1011d83c43d7
2025-03-11 13:57:54 info: Checking platform owner ro
2025-03-11 13:57:54 info: Platform setup
2025-03-11 13:57:54 info: Server running on port 3000
2025-03-11 13:57:58 info: Database connected
2025-03-11 13:57:58 info: Database synced
2025-03-11 13:57:58 info: Checking platform setup...
2025-03-11 13:57:58 info: Platform created with id: ed42abee-6598-4658-be56-eda2ad217976
2025-03-11 13:57:58 info: Checking platform owner role
2025-03-11 13:57:58 info: Platform setup
2025-03-11 13:57:58 info: Server running on port 3000
2025-03-11 13:57:59 info: Database connected
2025-03-11 13:57:59 info: Database synced
2025-03-11 13:57:59 info: Checking platform setup...
2025-03-11 13:57:59 info: Platform created with id: 5afbb044-215c-444a-a156-b8fb5f7f1d00
2025-03-11 13:57:59 info: Checking platform owner role setup
2025-03-11 13:57:59 info: Platform setup
2025-03-11 13:57:59 info: Server running on port 3000
2025-03-11 13:58:08 info: Database connected
2025-03-11 13:58:08 info: Database synced
2025-03-11 13:58:08 info: Checking platform setup...
2025-03-11 13:58:08 info: Platform created with id: 17ab0fe0-3b49-42fe-91ed-331115d2f6d3
2025-03-11 13:58:08 info: Checking platform owner role setup
2025-03-11 13:58:08 info: Platform setup
2025-03-11 13:58:08 info: Server running on port 3000
2025-03-11 13:58:08 info: Database connected
2025-03-11 13:58:09 info: Database synced
2025-03-11 13:58:09 info: Checking platform setup...
2025-03-11 13:58:09 info: Platform created with id: 271ab470-eb50-4146-a914-952996ab27f1
2025-03-11 13:58:09 info: Checking platform owner role setup
2025-03-11 13:58:09 info: Platform setup
2025-03-11 13:58:09 info: Server running on port 3000
2025-03-11 13:58:15 info: Database connected
2025-03-11 13:58:15 info: Database synced
2025-03-11 13:58:15 info: Checking platform setup...
2025-03-11 13:58:15 info: Platform created with id: f58cb63f-22e2-470e-8248-aa2c000094f2
2025-03-11 13:58:15 info: Checking platform owner role setup
2025-03-11 13:58:15 info: Owner role created with id: b8b6c93d-5d6e-4515-a8ff-a729fa6a7d6a
2025-03-11 13:58:15 info: Platform setup
2025-03-11 13:58:15 info: Server running on port 3000
2025-03-11 13:58:30 info: Database connected
2025-03-11 13:58:30 info: Database synced
2025-03-11 13:58:30 info: Checking platform setup...
2025-03-11 13:58:30 info: Platform created with id: 8c7e72d2-7ac2-485e-8fef-9627341d5952
2025-03-11 13:58:30 info: Checking platform owner role setup
2025-03-11 13:58:30 info: Owner role created with id: b520744f-02d8-4712-a335-f4b5f45cf308
2025-03-11 13:58:30 info: Platform setup
2025-03-11 13:58:30 info: Server running on port 3000
2025-03-11 13:58:32 info: Database connected
2025-03-11 13:58:32 info: Database synced
2025-03-11 13:58:32 info: Checking platform setup...
2025-03-11 13:58:32 info: Platform created with id: 994366ce-964b-4b89-93b2-68caa5cb8074
2025-03-11 13:58:32 info: Checking platform owner role setup
2025-03-11 13:58:32 info: Owner role created with id: a77d41af-bbc1-4bce-b707-10d3a0303f5e
2025-03-11 13:58:32 info: Checking platform admin role setup
2025-03-11 13:58:32 info: Platform setup
2025-03-11 13:58:32 info: Server running on port 3000
2025-03-11 13:58:39 info: Database connected
2025-03-11 13:58:39 info: Database synced
2025-03-11 13:58:39 info: Checking platform setup...
2025-03-11 13:58:39 info: Platform created with id: 69e43d65-ec7a-4a2a-b772-80467be4b306
2025-03-11 13:58:39 info: Checking platform owner role setup
2025-03-11 13:58:39 info: Owner role created with id: 16bcf8c9-3a79-4058-9e8e-2bd4b826d065
2025-03-11 13:58:39 info: Checking platform 
2025-03-11 13:58:39 info: Platform setup
2025-03-11 13:58:39 info: Server running on port 3000
2025-03-11 13:58:40 info: Database connected
2025-03-11 13:58:40 info: Database synced
2025-03-11 13:58:40 info: Checking platform setup...
2025-03-11 13:58:40 info: Platform created with id: 4a6111dd-e258-4bad-94f8-fb2f9abf1c08
2025-03-11 13:58:40 info: Checking platform owner role setup
2025-03-11 13:58:40 info: Owner role created with id: e0dfbcf4-2693-4a8e-a70e-857e9287c100
2025-03-11 13:58:40 info: Checking platform admin role setup
2025-03-11 13:58:40 info: Platform setup
2025-03-11 13:58:40 info: Server running on port 3000
2025-03-11 13:58:42 info: Database connected
2025-03-11 13:58:42 info: Database synced
2025-03-11 13:58:42 info: Checking platform setup...
2025-03-11 13:58:42 info: Platform created with id: 010993bf-efce-44d6-975c-4b22128489c3
2025-03-11 13:58:42 info: Checking platform owner role setup
2025-03-11 13:58:42 info: Owner role created with id: a5f845d6-460f-4001-b232-d03c4d617fb0
2025-03-11 13:58:42 info: Checking platform admin role setup
2025-03-11 13:58:42 info: Platform setup
2025-03-11 13:58:42 info: Server running on port 3000
2025-03-11 13:58:46 info: Database connected
2025-03-11 13:58:46 info: Database synced
2025-03-11 13:58:46 info: Checking platform setup...
2025-03-11 13:58:46 info: Platform created with id: edf53273-c918-42fc-b740-ccb7b62c9827
2025-03-11 13:58:46 info: Checking platform owner role setup
2025-03-11 13:58:46 info: Owner role created with id: ab4eb154-cb24-4642-a31a-9f7347caa340
2025-03-11 13:58:46 info: Checking platform admin role setup
2025-03-11 13:58:46 info: Platform setup
2025-03-11 13:58:46 info: Server running on port 3000
2025-03-11 13:58:49 info: Database connected
2025-03-11 13:58:50 info: Database synced
2025-03-11 13:58:50 info: Checking platform setup...
2025-03-11 13:58:50 info: Platform created with id: 9a56d9a9-2fd6-44cc-b050-d16e0ea03501
2025-03-11 13:58:50 info: Checking platform owner role setup
2025-03-11 13:58:50 info: Owner role created with id: 5a9b2a44-f354-4d1c-9731-71cf8daf33ae
2025-03-11 13:58:50 info: Checking platform admin role setup
2025-03-11 13:58:50 info: Platform setup
2025-03-11 13:58:50 info: Server running on port 3000
2025-03-11 13:58:53 info: Database connected
2025-03-11 13:58:53 info: Database synced
2025-03-11 13:58:53 info: Checking platform setup...
2025-03-11 13:58:53 info: Platform created with id: ade318c4-9eba-4616-9289-cf07b3859df7
2025-03-11 13:58:53 info: Checking platform owner role setup
2025-03-11 13:58:53 info: Owner role created with id: 50fce725-15fd-4332-b0bf-905519409739
2025-03-11 13:58:53 info: Checking platform admin role setup
2025-03-11 13:58:53 info: Admin role created with id: 8066c1d5-a8ea-4ddb-b174-d7950418b4cd
2025-03-11 13:58:53 info: Platform setup
2025-03-11 13:58:53 info: Server running on port 3000
2025-03-11 13:58:56 info: Database connected
2025-03-11 13:58:56 info: Database synced
2025-03-11 13:58:56 info: Checking platform setup...
2025-03-11 13:58:56 info: Platform created with id: dedff7aa-c6b9-4169-aa73-4e2beb1ad343
2025-03-11 13:58:56 info: Checking platform owner role setup
2025-03-11 13:58:56 info: Owner role created with id: a0baaee5-0cc1-4b70-b8d7-8c7aec163191
2025-03-11 13:58:56 info: Checking platform admin role setup
2025-03-11 13:58:56 info: Admin role created with id: 7af9148b-94a1-401a-91d3-b5fa58c90c9b
2025-03-11 13:58:56 info: Platform setup
2025-03-11 13:58:56 info: Server running on port 3000
2025-03-11 13:58:59 info: Database connected
2025-03-11 13:58:59 info: Database synced
2025-03-11 13:58:59 info: Checking platform setup...
2025-03-11 13:58:59 info: Platform created with id: 30dab16f-04fb-4b93-a611-802e99f053eb
2025-03-11 13:58:59 info: Checking platform owner role setup
2025-03-11 13:58:59 info: Owner role created with id: c985d280-d615-4c79-8a97-dfb32c900a83
2025-03-11 13:58:59 info: Checking platform admin role setup
2025-03-11 13:58:59 info: Admin role created with id: ebff84b1-2bb1-4cb1-bdcb-0041d73e5988
2025-03-11 13:58:59 info: Checking platform operator role setup
2025-03-11 13:58:59 info: Platform setup
2025-03-11 13:58:59 info: Server running on port 3000
2025-03-11 13:59:01 info: Database connected
2025-03-11 13:59:01 info: Database synced
2025-03-11 13:59:01 info: Checking platform setup...
2025-03-11 13:59:01 info: Platform created with id: 1cff3b0a-f36a-4e06-af1c-72969d5a6d11
2025-03-11 13:59:01 info: Checking platform owner role setup
2025-03-11 13:59:01 info: Owner role created with id: 53e83902-ef6b-499b-9519-62de497b1c95
2025-03-11 13:59:01 info: Checking platform admin role setup
2025-03-11 13:59:01 info: Admin role created with id: 592a807e-7e36-4838-b5a7-a79d6bce0abc
2025-03-11 13:59:01 info: Checking platform operator role setup
2025-03-11 13:59:01 info: Platform setup
2025-03-11 13:59:01 info: Server running on port 3000
2025-03-11 13:59:06 info: Database connected
2025-03-11 13:59:06 info: Database synced
2025-03-11 13:59:06 info: Checking platform setup...
2025-03-11 13:59:06 info: Platform created with id: 05db051b-99d0-478f-b923-fdea023378cb
2025-03-11 13:59:06 info: Checking platform owner role setup
2025-03-11 13:59:06 info: Owner role created with id: d5f98542-4843-4903-92a1-55b7d3050822
2025-03-11 13:59:06 info: Checking platform admin role setup
2025-03-11 13:59:06 info: Admin role created with id: 0c5c4079-0d99-46e2-b1e9-0f725ca06e63
2025-03-11 13:59:06 info: Checking platform operator role setup
2025-03-11 13:59:06 info: Operator role created with id: 9872be1b-a375-48ea-8f8f-26c1ff4ebf04
2025-03-11 13:59:06 info: Platform setup
2025-03-11 13:59:06 info: Server running on port 3000
2025-03-11 13:59:16 info: Database connected
2025-03-11 13:59:16 info: Database synced
2025-03-11 13:59:16 info: Checking platform setup...
2025-03-11 13:59:16 info: Platform created with id: 9d186426-ba68-472f-b628-9fb43c57ddae
2025-03-11 13:59:16 info: Checking platform owner role setup
2025-03-11 13:59:16 info: Owner role created with id: c7f66a56-604e-4959-8692-0381304e2412
2025-03-11 13:59:16 info: Checking platform admin role setup
2025-03-11 13:59:16 info: Admin role created with id: 67c8cfe3-a02f-4516-a347-32f74519e8ee
2025-03-11 13:59:16 info: Checking platform operator role setup
2025-03-11 13:59:16 info: Operator role created with id: f26728f6-a55b-401e-a467-e4e867436eee
2025-03-11 13:59:16 info: Platform setup
2025-03-11 13:59:16 info: Server running on port 3000
2025-03-11 13:59:16 info: Database connected
2025-03-11 13:59:16 info: Database synced
2025-03-11 13:59:16 info: Checking platform setup...
2025-03-11 13:59:16 info: Platform created with id: f1535e2b-d82d-4335-8da2-e0a66917d789
2025-03-11 13:59:16 info: Checking platform owner role setup
2025-03-11 13:59:16 info: Owner role created with id: 0cc0ec26-2b1e-4268-b013-e282cf04eed1
2025-03-11 13:59:16 info: Checking platform admin role setup
2025-03-11 13:59:16 info: Admin role created with id: 9641a922-5d66-48fb-b0b6-47cc0ab0ba1a
2025-03-11 13:59:16 info: Checking platform operator role setup
2025-03-11 13:59:17 info: Operator role created with id: 1cb6329a-5779-4a0c-ba7f-9015dd55fed0
2025-03-11 13:59:17 info: Platform setup completed
2025-03-11 13:59:17 info: Platform setup
2025-03-11 13:59:17 info: Server running on port 3000
2025-03-11 13:59:19 info: Database connected
2025-03-11 13:59:19 info: Database synced
2025-03-11 13:59:19 info: Checking platform setup...
2025-03-11 13:59:19 info: Platform created with id: e44bfe30-f385-441f-9a66-bbbc0d519ddf
2025-03-11 13:59:19 info: Checking platform owner role setup
2025-03-11 13:59:19 info: Owner role created with id: 61a8f598-3eeb-49d6-a93f-6bb4fa0edbd6
2025-03-11 13:59:19 info: Checking platform admin role setup
2025-03-11 13:59:19 info: Admin role created with id: f498901f-bee0-457e-b055-c360f7a529da
2025-03-11 13:59:19 info: Checking platform operator role setup
2025-03-11 13:59:19 info: Operator role created with id: ff4102f3-7576-4ec1-b5f2-bb5b02e937ea
2025-03-11 13:59:19 info: Platform setup completed
2025-03-11 13:59:19 info: Platform setup
2025-03-11 13:59:19 info: Server running on port 3000
2025-03-11 13:59:32 info: Database connected
2025-03-11 13:59:32 info: Database synced
2025-03-11 13:59:32 info: Checking platform setup...
2025-03-11 13:59:32 info: Platform created with id: 0a22fe26-9721-49ad-9a8a-4c3bf4b73908
2025-03-11 13:59:32 info: Checking platform owner role setup
2025-03-11 13:59:32 info: Owner role created with id: 45f8ecf1-1a29-4251-b641-925d009ca8fc
2025-03-11 13:59:32 info: Checking platform admin role setup
2025-03-11 13:59:32 info: Admin role created with id: e4b61c9d-4ca7-4fe6-822a-4711f42aebc7
2025-03-11 13:59:32 info: Checking platform operator role setup
2025-03-11 13:59:32 info: Operator role created with id: c5af1aa2-4180-4d14-8880-45d6f6443b46
2025-03-11 13:59:32 info: Checking platform ow
2025-03-11 13:59:32 info: Platform setup completed
2025-03-11 13:59:32 info: Platform setup
2025-03-11 13:59:32 info: Server running on port 3000
2025-03-11 13:59:35 info: Database connected
2025-03-11 13:59:35 info: Database synced
2025-03-11 13:59:35 info: Checking platform setup...
2025-03-11 13:59:35 info: Platform created with id: 1d0dcc0e-2391-4e11-9124-9de4949d02bd
2025-03-11 13:59:35 info: Checking platform owner role setup
2025-03-11 13:59:35 info: Owner role created with id: a405aa53-ee94-492b-8dbc-a399add28d3f
2025-03-11 13:59:35 info: Checking platform admin role setup
2025-03-11 13:59:35 info: Admin role created with id: 5828b58d-3941-4794-9c23-cbfbc5fd60a5
2025-03-11 13:59:35 info: Checking platform operator role setup
2025-03-11 13:59:35 info: Operator role created with id: 972ce0f9-31bc-45f3-ba64-47c48df319f5
2025-03-11 13:59:35 info: Checking platform owner setup
2025-03-11 13:59:35 info: Platform setup completed
2025-03-11 13:59:35 info: Platform setup
2025-03-11 13:59:35 info: Server running on port 3000
2025-03-11 13:59:38 info: Database connected
2025-03-11 13:59:38 info: Database synced
2025-03-11 13:59:38 info: Checking platform setup...
2025-03-11 13:59:38 info: Platform created with id: 71e10743-10f2-4cb1-a373-feb3731973a5
2025-03-11 13:59:38 info: Checking platform owner role setup
2025-03-11 13:59:38 info: Owner role created with id: 735d7140-75ab-47b7-9559-8c2c417cb6c6
2025-03-11 13:59:38 info: Checking platform admin role setup
2025-03-11 13:59:38 info: Admin role created with id: c854faf2-77c8-4395-975f-166b7d73321d
2025-03-11 13:59:38 info: Checking platform operator role setup
2025-03-11 13:59:38 info: Operator role created with id: db29b113-a33d-4ae7-9c3b-103938dfc727
2025-03-11 13:59:38 info: Checking platform owner setup
2025-03-11 13:59:38 info: Platform setup completed
2025-03-11 13:59:38 info: Platform setup
2025-03-11 13:59:38 info: Server running on port 3000
2025-03-11 13:59:56 info: Database connected
2025-03-11 13:59:56 info: Database synced
2025-03-11 13:59:56 info: Checking platform setup...
2025-03-11 13:59:56 info: Platform created with id: 441a6c48-04c2-451c-a482-479619bb78e1
2025-03-11 13:59:56 info: Checking platform owner role setup
2025-03-11 13:59:56 info: Owner role created with id: d07b6bb9-3d8c-4993-a072-0938e6eed0a2
2025-03-11 13:59:56 info: Checking platform admin role setup
2025-03-11 13:59:56 info: Admin role created with id: 891ca77d-684a-4c30-829d-18709da150e9
2025-03-11 13:59:56 info: Checking platform operator role setup
2025-03-11 13:59:56 info: Operator role created with id: d9be7281-27f0-4f11-9e32-4ebf2ce2c2df
2025-03-11 13:59:56 info: Checking platform owner setup
2025-03-11 13:59:56 error: column PlatformUser.role does not exist
2025-03-11 13:59:56 info: Platform setup
2025-03-11 13:59:56 info: Server running on port 3000
2025-03-11 14:00:05 info: Database connected
2025-03-11 14:00:05 info: Database synced
2025-03-11 14:00:05 info: Checking platform setup...
2025-03-11 14:00:05 info: Platform created with id: d8a0227b-1a27-4055-91a7-c84347137298
2025-03-11 14:00:05 info: Checking platform owner role setup
2025-03-11 14:00:05 info: Owner role created with id: 196c0825-c000-43da-b5ed-4aab63d9a83b
2025-03-11 14:00:05 info: Checking platform admin role setup
2025-03-11 14:00:05 info: Admin role created with id: 39f88db0-3796-4b7b-bad0-85efad396476
2025-03-11 14:00:05 info: Checking platform operator role setup
2025-03-11 14:00:05 info: Operator role created with id: 1fe24b2a-51d6-4a5a-b631-2803e022de79
2025-03-11 14:00:05 info: Checking platform owner setup
2025-03-11 14:00:05 error: column PlatformUser.role does not exist
2025-03-11 14:00:05 info: Platform setup
2025-03-11 14:00:05 info: Server running on port 3000
2025-03-11 14:00:17 info: Database connected
2025-03-11 14:00:18 info: Database synced
2025-03-11 14:00:18 info: Checking platform setup...
2025-03-11 14:00:18 info: Platform created with id: 7a215af5-ed63-4633-af19-1f5beaef2788
2025-03-11 14:00:18 info: Checking platform owner role setup
2025-03-11 14:00:18 info: Owner role created with id: 10bde864-9b65-49b2-88cb-6782b988c04d
2025-03-11 14:00:18 info: Checking platform admin role setup
2025-03-11 14:00:18 info: Admin role created with id: 8493d26c-5406-4591-a2c2-d9feb9130b35
2025-03-11 14:00:18 info: Checking platform operator role setup
2025-03-11 14:00:18 info: Operator role created with id: f3b032af-2c82-469a-a617-0d8626b3d5ef
2025-03-11 14:00:18 info: Checking platform owner setup
2025-03-11 14:00:18 error: column PlatformUser.role does not exist
2025-03-11 14:00:18 info: Platform setup
2025-03-11 14:00:18 info: Server running on port 3000
2025-03-11 14:00:20 info: Database connected
2025-03-11 14:00:20 info: Database synced
2025-03-11 14:00:20 info: Checking platform setup...
2025-03-11 14:00:20 info: Platform created with id: 7f344d5e-92d7-479b-8c35-116272ce5510
2025-03-11 14:00:20 info: Checking platform owner role setup
2025-03-11 14:00:20 info: Owner role created with id: 818b2718-641d-4e34-bb23-36249012197b
2025-03-11 14:00:20 info: Checking platform admin role setup
2025-03-11 14:00:20 info: Admin role created with id: dbebe13e-9217-4e79-8eb7-d4f59f162661
2025-03-11 14:00:20 info: Checking platform operator role setup
2025-03-11 14:00:20 info: Operator role created with id: f8087a72-a37a-4eb3-8140-9f9f810393d4
2025-03-11 14:00:20 info: Checking platform owner setup
2025-03-11 14:00:20 error: column PlatformUser.role does not exist
2025-03-11 14:00:20 info: Platform setup
2025-03-11 14:00:20 info: Server running on port 3000
2025-03-11 14:00:24 info: Database connected
2025-03-11 14:00:24 info: Database synced
2025-03-11 14:00:24 info: Checking platform setup...
2025-03-11 14:00:24 info: Platform created with id: 0aa22eb6-4c83-4cf9-9301-594cdc713127
2025-03-11 14:00:24 info: Checking platform owner role setup
2025-03-11 14:00:24 info: Owner role created with id: 22be540c-2035-4215-ab3d-a6d736e2ca5b
2025-03-11 14:00:24 info: Checking platform admin role setup
2025-03-11 14:00:24 info: Admin role created with id: 26bbcc3c-8831-44f9-8674-b1317a4622e3
2025-03-11 14:00:24 info: Checking platform operator role setup
2025-03-11 14:00:24 info: Operator role created with id: b84e22df-017c-45ae-85d9-ff10662fef2d
2025-03-11 14:00:24 info: Checking platform owner setup
2025-03-11 14:00:24 error: notNull Violation: PlatformUser.firstName cannot be null,
notNull Violation: PlatformUser.lastName cannot be null,
notNull Violation: PlatformUser.email cannot be null
2025-03-11 14:00:24 info: Platform setup
2025-03-11 14:00:24 info: Server running on port 3000
2025-03-11 14:00:27 info: Database connected
2025-03-11 14:00:27 info: Database synced
2025-03-11 14:00:27 info: Checking platform setup...
2025-03-11 14:00:27 info: Platform created with id: c7ed768d-ba3d-43f2-b817-8b6ca781d3a6
2025-03-11 14:00:27 info: Checking platform owner role setup
2025-03-11 14:00:27 info: Owner role created with id: 542404dc-63fe-4198-ac62-bce000022010
2025-03-11 14:00:27 info: Checking platform admin role setup
2025-03-11 14:00:27 info: Admin role created with id: 43938982-bb31-4d87-847e-fc664ca4ddb9
2025-03-11 14:00:27 info: Checking platform operator role setup
2025-03-11 14:00:27 info: Operator role created with id: a342d05c-b093-444b-96ef-05d7baffc14d
2025-03-11 14:00:27 info: Checking platform owner setup
2025-03-11 14:00:27 error: notNull Violation: PlatformUser.firstName cannot be null,
notNull Violation: PlatformUser.lastName cannot be null,
notNull Violation: PlatformUser.email cannot be null
2025-03-11 14:00:27 info: Platform setup
2025-03-11 14:00:27 info: Server running on port 3000
2025-03-11 14:00:29 info: Database connected
2025-03-11 14:00:30 info: Database synced
2025-03-11 14:00:30 info: Checking platform setup...
2025-03-11 14:00:30 info: Platform created with id: 4e2e36d7-baa9-4d30-86a2-f53bb11fa7a6
2025-03-11 14:00:30 info: Checking platform owner role setup
2025-03-11 14:00:30 info: Owner role created with id: 05c0ba1d-7187-452f-b773-34b0a07c2cd6
2025-03-11 14:00:30 info: Checking platform admin role setup
2025-03-11 14:00:30 info: Admin role created with id: 3d7a0d6b-ae9c-4d0a-8117-013709c0eb5c
2025-03-11 14:00:30 info: Checking platform operator role setup
2025-03-11 14:00:30 info: Operator role created with id: 8b69a525-0862-42fe-af21-111c95229c9a
2025-03-11 14:00:30 info: Checking platform owner setup
2025-03-11 14:00:30 error: notNull Violation: PlatformUser.firstName cannot be null,
notNull Violation: PlatformUser.lastName cannot be null,
notNull Violation: PlatformUser.email cannot be null
2025-03-11 14:00:30 info: Platform setup
2025-03-11 14:00:30 info: Server running on port 3000
2025-03-11 14:00:33 info: Database connected
2025-03-11 14:00:33 info: Database synced
2025-03-11 14:00:33 info: Checking platform setup...
2025-03-11 14:00:33 info: Platform created with id: 8364b44a-fa1e-4705-a6db-5df2b9a446d6
2025-03-11 14:00:33 info: Checking platform owner role setup
2025-03-11 14:00:33 info: Owner role created with id: 2edc8073-e853-4cb1-be61-8830e9294d55
2025-03-11 14:00:33 info: Checking platform admin role setup
2025-03-11 14:00:33 info: Admin role created with id: 20c0099e-d630-49d9-9e1f-72b317921a2b
2025-03-11 14:00:33 info: Checking platform operator role setup
2025-03-11 14:00:33 info: Operator role created with id: 3cf041da-f6f3-48f6-8183-565e51ef4037
2025-03-11 14:00:33 info: Checking platform owner setup
2025-03-11 14:00:33 error: notNull Violation: PlatformUser.firstName cannot be null,
notNull Violation: PlatformUser.lastName cannot be null,
notNull Violation: PlatformUser.email cannot be null
2025-03-11 14:00:33 info: Platform setup
2025-03-11 14:00:33 info: Server running on port 3000
2025-03-11 14:00:35 info: Database connected
2025-03-11 14:00:35 info: Database synced
2025-03-11 14:00:35 info: Checking platform setup...
2025-03-11 14:00:36 info: Platform created with id: 8e665fb6-d51c-491f-a3bf-e13095fa0847
2025-03-11 14:00:36 info: Checking platform owner role setup
2025-03-11 14:00:36 info: Owner role created with id: 74fce689-2dd3-4925-8431-f31c526d9a17
2025-03-11 14:00:36 info: Checking platform admin role setup
2025-03-11 14:00:36 info: Admin role created with id: 5ca4a4a9-1607-4ac8-8622-3d52c48107f9
2025-03-11 14:00:36 info: Checking platform operator role setup
2025-03-11 14:00:36 info: Operator role created with id: 821ff683-8d38-46d9-90fb-312c9dfe6613
2025-03-11 14:00:36 info: Checking platform owner setup
2025-03-11 14:00:36 error: column PlatformUser.username does not exist
2025-03-11 14:00:36 info: Platform setup
2025-03-11 14:00:36 info: Server running on port 3000
2025-03-11 14:00:38 info: Database connected
2025-03-11 14:00:38 info: Database synced
2025-03-11 14:00:38 info: Checking platform setup...
2025-03-11 14:00:38 info: Platform created with id: d66bb03b-28d2-4d50-85cc-09fe0dcb3918
2025-03-11 14:00:38 info: Checking platform owner role setup
2025-03-11 14:00:38 info: Owner role created with id: fa72afbc-d05e-4241-a05c-38b8721dc875
2025-03-11 14:00:38 info: Checking platform admin role setup
2025-03-11 14:00:38 info: Admin role created with id: e4786b46-a895-45b0-a0f7-ec7d692307be
2025-03-11 14:00:38 info: Checking platform operator role setup
2025-03-11 14:00:38 info: Operator role created with id: 3e788c90-8036-42d5-9b56-f37c8decc93c
2025-03-11 14:00:38 info: Checking platform owner setup
2025-03-11 14:00:38 error: column PlatformUser.username does not exist
2025-03-11 14:00:38 info: Platform setup
2025-03-11 14:00:38 info: Server running on port 3000
2025-03-11 14:00:39 info: Database connected
2025-03-11 14:00:39 info: Database synced
2025-03-11 14:00:39 info: Checking platform setup...
2025-03-11 14:00:40 info: Platform created with id: afebcd34-f089-41e7-9d70-50df88e998d8
2025-03-11 14:00:40 info: Checking platform owner role setup
2025-03-11 14:00:40 info: Owner role created with id: 314e70a9-3fe7-416d-94ec-798b191679e2
2025-03-11 14:00:40 info: Checking platform admin role setup
2025-03-11 14:00:40 info: Admin role created with id: f399418d-dcc2-4234-a54a-fa58daf84dd1
2025-03-11 14:00:40 info: Checking platform operator role setup
2025-03-11 14:00:40 info: Operator role created with id: 80167a79-8b11-4c89-9366-f0cf86ade19a
2025-03-11 14:00:40 info: Checking platform owner setup
2025-03-11 14:00:40 error: notNull Violation: PlatformUser.firstName cannot be null,
notNull Violation: PlatformUser.lastName cannot be null,
notNull Violation: PlatformUser.email cannot be null
2025-03-11 14:00:40 info: Platform setup
2025-03-11 14:00:40 info: Server running on port 3000
2025-03-11 14:01:01 info: Database connected
2025-03-11 14:01:01 info: Database synced
2025-03-11 14:01:01 info: Checking platform setup...
2025-03-11 14:01:01 info: Platform created with id: 7abc976d-917f-4d40-925c-4ba32f2f9acd
2025-03-11 14:01:01 info: Checking platform owner role setup
2025-03-11 14:01:01 info: Owner role created with id: 90d4db3a-e1d9-4a0d-927b-3ffdaf01a3a2
2025-03-11 14:01:01 info: Checking platform admin role setup
2025-03-11 14:01:01 info: Admin role created with id: 3cffd21f-22ec-4c43-bd16-227517f6193c
2025-03-11 14:01:01 info: Checking platform operator role setup
2025-03-11 14:01:01 info: Operator role created with id: cf34e060-9083-4636-81b9-332cd38be1d7
2025-03-11 14:01:01 info: Checking platform owner setup
2025-03-11 14:01:01 error: notNull Violation: PlatformUser.firstName cannot be null,
notNull Violation: PlatformUser.lastName cannot be null,
notNull Violation: PlatformUser.email cannot be null
2025-03-11 14:01:01 info: Platform setup
2025-03-11 14:01:01 info: Server running on port 3000
2025-03-11 14:01:07 info: Database connected
2025-03-11 14:01:07 info: Database synced
2025-03-11 14:01:07 info: Checking platform setup...
2025-03-11 14:01:07 info: Platform created with id: c5e2b1b2-772e-4e81-958f-21b75cf7c366
2025-03-11 14:01:07 info: Checking platform owner role setup
2025-03-11 14:01:07 info: Owner role created with id: c6f97bd2-aee0-425b-b828-45ba80b7568b
2025-03-11 14:01:07 info: Checking platform admin role setup
2025-03-11 14:01:07 info: Admin role created with id: 97eb43b9-0ede-4a06-adaf-ff5f63e3e394
2025-03-11 14:01:07 info: Checking platform operator role setup
2025-03-11 14:01:07 info: Operator role created with id: 5e09dd9e-41fe-4e66-8c24-cf73460db9bc
2025-03-11 14:01:07 info: Checking platform owner setup
2025-03-11 14:01:07 error: notNull Violation: PlatformUser.firstName cannot be null,
notNull Violation: PlatformUser.lastName cannot be null,
notNull Violation: PlatformUser.email cannot be null
2025-03-11 14:01:07 info: Platform setup
2025-03-11 14:01:07 info: Server running on port 3000
2025-03-11 14:01:09 info: Database connected
2025-03-11 14:01:09 info: Database synced
2025-03-11 14:01:09 info: Checking platform setup...
2025-03-11 14:01:09 info: Platform created with id: 44ad5f7b-1636-4f27-b8b4-1b002c7a88ed
2025-03-11 14:01:09 info: Checking platform owner role setup
2025-03-11 14:01:09 info: Owner role created with id: 6379f2f2-b687-4dcd-b0b6-bc40114dc630
2025-03-11 14:01:09 info: Checking platform admin role setup
2025-03-11 14:01:09 info: Admin role created with id: 533ac056-388a-4e9f-badc-451490c271bc
2025-03-11 14:01:09 info: Checking platform operator role setup
2025-03-11 14:01:09 info: Operator role created with id: 29405425-d853-487a-859e-91aee326ef48
2025-03-11 14:01:09 info: Checking platform owner setup
2025-03-11 14:01:09 error: notNull Violation: PlatformUser.firstName cannot be null,
notNull Violation: PlatformUser.lastName cannot be null,
notNull Violation: PlatformUser.email cannot be null
2025-03-11 14:01:09 info: Platform setup
2025-03-11 14:01:09 info: Server running on port 3000
2025-03-11 14:01:21 info: Database connected
2025-03-11 14:01:21 info: Database synced
2025-03-11 14:01:21 info: Checking platform setup...
2025-03-11 14:01:21 info: Platform created with id: b353e4c8-49d4-421f-8959-e6de002a1b65
2025-03-11 14:01:21 info: Checking platform owner role setup
2025-03-11 14:01:21 info: Owner role created with id: 6cc973f3-7d39-4e64-9033-c2e5bf2dc237
2025-03-11 14:01:21 info: Checking platform admin role setup
2025-03-11 14:01:21 info: Admin role created with id: c6a5aa3c-fac8-47c1-9603-9fb380837989
2025-03-11 14:01:21 info: Checking platform operator role setup
2025-03-11 14:01:21 info: Operator role created with id: 2267615f-a999-4d53-a1ae-182e53b2d07e
2025-03-11 14:01:21 info: Checking platform owner setup
2025-03-11 14:01:21 error: notNull Violation: PlatformUser.firstName cannot be null,
notNull Violation: PlatformUser.lastName cannot be null,
notNull Violation: PlatformUser.email cannot be null
2025-03-11 14:01:21 info: Platform setup
2025-03-11 14:01:21 info: Server running on port 3000
2025-03-11 14:01:23 info: Database connected
2025-03-11 14:01:23 info: Database synced
2025-03-11 14:01:23 info: Checking platform setup...
2025-03-11 14:01:23 info: Platform created with id: 3c4e2cca-4474-4491-be74-1b9f352e60f1
2025-03-11 14:01:23 info: Checking platform owner role setup
2025-03-11 14:01:23 info: Owner role created with id: 8d9ef95e-2d25-420f-8451-4e8379096b88
2025-03-11 14:01:23 info: Checking platform admin role setup
2025-03-11 14:01:23 info: Admin role created with id: 2ffaf13f-75b5-4ead-aab0-e2af08a393ff
2025-03-11 14:01:23 info: Checking platform operator role setup
2025-03-11 14:01:23 info: Operator role created with id: 3fb7d5f6-c0bd-485c-889b-cadf59469071
2025-03-11 14:01:23 info: Checking platform owner setup
2025-03-11 14:01:23 error: notNull Violation: PlatformUser.firstName cannot be null,
notNull Violation: PlatformUser.lastName cannot be null,
notNull Violation: PlatformUser.email cannot be null
2025-03-11 14:01:23 info: Platform setup
2025-03-11 14:01:23 info: Server running on port 3000
2025-03-11 14:01:27 info: Database connected
2025-03-11 14:01:27 info: Database synced
2025-03-11 14:01:27 info: Checking platform setup...
2025-03-11 14:01:27 info: Platform created with id: 446756ca-bc53-4e16-8291-19c6cc325968
2025-03-11 14:01:27 info: Checking platform owner role setup
2025-03-11 14:01:27 info: Owner role created with id: d557636b-a508-4e73-8582-f9eba7e79043
2025-03-11 14:01:27 info: Checking platform admin role setup
2025-03-11 14:01:27 info: Admin role created with id: 1b5d6776-77c9-4f44-9ae1-e6e267513fd1
2025-03-11 14:01:27 info: Checking platform operator role setup
2025-03-11 14:01:27 info: Operator role created with id: 6504c7d1-98ad-4e44-ac00-65342f1ce5ee
2025-03-11 14:01:27 info: Checking platform owner setup
2025-03-11 14:01:27 error: notNull Violation: PlatformUser.firstName cannot be null,
notNull Violation: PlatformUser.lastName cannot be null,
notNull Violation: PlatformUser.email cannot be null
2025-03-11 14:01:27 info: Platform setup
2025-03-11 14:01:27 info: Server running on port 3000
2025-03-11 14:01:46 info: Database connected
2025-03-11 14:01:47 info: Database synced
2025-03-11 14:01:47 info: Checking platform setup...
2025-03-11 14:01:47 info: Platform created with id: ea48d8f7-9af5-4f93-9ea1-6402eb6e4f4b
2025-03-11 14:01:47 info: Checking platform owner role setup
2025-03-11 14:01:47 info: Owner role created with id: 8d9b2cab-7a38-410e-87c9-5203987f9b04
2025-03-11 14:01:47 info: Checking platform admin role setup
2025-03-11 14:01:47 info: Admin role created with id: da66c7df-0368-44b1-b047-b6b902bb6049
2025-03-11 14:01:47 info: Checking platform operator role setup
2025-03-11 14:01:47 info: Operator role created with id: 427fe482-5bf9-4d05-8bee-ed0dabfc8b5c
2025-03-11 14:01:47 info: Checking platform owner setup
2025-03-11 14:01:47 error: notNull Violation: PlatformUser.firstName cannot be null,
notNull Violation: PlatformUser.lastName cannot be null,
notNull Violation: PlatformUser.email cannot be null
2025-03-11 14:02:02 info: Database connected
2025-03-11 14:02:02 info: Database synced
2025-03-11 14:02:02 info: Checking platform setup...
2025-03-11 14:02:02 info: Platform created with id: 32bca473-fe3d-43a5-8f72-ce7e0c0e994c
2025-03-11 14:02:02 info: Checking platform owner role setup
2025-03-11 14:02:02 info: Owner role created with id: 840751ee-f6ce-4700-8b93-0e84d3dc79d8
2025-03-11 14:02:02 info: Checking platform admin role setup
2025-03-11 14:02:02 info: Admin role created with id: 351360f6-408b-4810-84a4-f4aea1fc2996
2025-03-11 14:02:02 info: Checking platform operator role setup
2025-03-11 14:02:02 info: Operator role created with id: 0742539f-162d-4101-800c-45b7d88c477c
2025-03-11 14:02:02 info: Checking platform owner setup
2025-03-11 14:02:02 info: Owner created with id: 5bf9d29e-1858-4ec2-acfa-1dbb8b1c1c6a
2025-03-11 14:02:02 info: Platform setup completed
2025-03-11 14:02:02 info: Platform setup
2025-03-11 14:02:02 info: Server running on port 3000
2025-03-11 14:02:20 info: Database connected
2025-03-11 14:02:21 info: Database connected
2025-03-11 14:02:21 info: Database synced
2025-03-11 14:02:21 info: Checking platform setup...
2025-03-11 14:02:21 info: Platform created with id: 4d42fce4-892d-4d07-a80a-789719911fed
2025-03-11 14:02:21 info: Checking platform owner role setup
2025-03-11 14:02:21 info: Owner role created with id: c4f5b074-3baa-4f45-a1d2-822a44229b5e
2025-03-11 14:02:21 info: Checking platform admin role setup
2025-03-11 14:02:21 info: Admin role created with id: d474ef37-8e9f-4d7b-858f-81b1c29e0cc6
2025-03-11 14:02:21 info: Checking platform operator role setup
2025-03-11 14:02:21 info: Operator role created with id: 9759bd95-067d-4ac0-9b4c-faee00e3d8de
2025-03-11 14:02:21 info: Checking platform owner setup
2025-03-11 14:02:21 info: Owner created with id: d8fe456b-afcb-4e38-994e-2c4a3895be36
2025-03-11 14:02:21 info: Platform setup completed
2025-03-11 14:02:21 info: Platform setup
2025-03-11 14:02:21 info: Server running on port 3000
2025-03-11 14:02:27 info: Database connected
2025-03-11 14:02:27 info: Database synced
2025-03-11 14:02:27 info: Checking platform setup...
2025-03-11 14:02:27 info: Platform created with id: cf70b657-aa6a-4f80-b726-033f9efe8bba
2025-03-11 14:02:27 info: Checking platform owner role setup
2025-03-11 14:02:27 info: Owner role created with id: 0a28a900-33e5-4228-beb5-e4e3a77620d8
2025-03-11 14:02:27 info: Checking platform admin role setup
2025-03-11 14:02:27 info: Admin role created with id: 6f845221-bfde-4332-9b3a-3ef91dec3ee6
2025-03-11 14:02:27 info: Checking platform operator role setup
2025-03-11 14:02:27 info: Operator role created with id: 95a8cff7-16d9-4899-b85e-581c1ee47387
2025-03-11 14:02:27 info: Checking platform owner setup
2025-03-11 14:02:27 info: Owner created with id: 87ea58db-bdd3-4ce5-bfa9-6e1f1ac9ecc7 platform 
2025-03-11 14:02:27 info: Platform setup completed
2025-03-11 14:02:27 info: Platform setup
2025-03-11 14:02:27 info: Server running on port 3000
2025-03-11 14:02:29 info: Database connected
2025-03-11 14:02:29 info: Database synced
2025-03-11 14:02:29 info: Checking platform setup...
2025-03-11 14:02:29 info: Platform created with id: c92e64a3-5ccf-44a3-9731-5a2ae188ac88
2025-03-11 14:02:29 info: Checking platform owner role setup
2025-03-11 14:02:29 info: Owner role created with id: 5c1dae2e-493f-4726-9ef4-35fac88d80ac
2025-03-11 14:02:29 info: Checking platform admin role setup
2025-03-11 14:02:29 info: Admin role created with id: 3fa6f5ae-4f6e-49fe-a35a-7029df5c182b
2025-03-11 14:02:29 info: Checking platform operator role setup
2025-03-11 14:02:29 info: Operator role created with id: b26d210b-e820-4b91-8116-85ec98998bd8
2025-03-11 14:02:29 info: Checking platform owner setup
2025-03-11 14:02:29 info: Owner created with id: 47b988e8-b2e1-4e06-904d-294d742da63b platform id: null
2025-03-11 14:02:29 info: Platform setup completed
2025-03-11 14:02:29 info: Platform setup
2025-03-11 14:02:29 info: Server running on port 3000
2025-03-11 14:03:05 info: Database connected
2025-03-11 14:03:05 info: Database synced
2025-03-11 14:03:05 info: Checking platform setup...
2025-03-11 14:03:05 info: Platform created with id: feb0730b-5928-4894-90a5-7247be19691b
2025-03-11 14:03:05 info: Checking platform owner role setup
2025-03-11 14:03:05 info: Owner role created with id: edc2ec4e-8b29-4ef5-b31a-f19adb532863
2025-03-11 14:03:05 info: Checking platform admin role setup
2025-03-11 14:03:05 info: Admin role created with id: 32d7ea66-edfb-47c2-be56-fdf53eaff43b
2025-03-11 14:03:05 info: Checking platform operator role setup
2025-03-11 14:03:05 info: Operator role created with id: 47ce8adb-7ad8-4577-8854-7f7877c214d1
2025-03-11 14:03:05 info: Checking platform owner setup
2025-03-11 14:03:05 error: Cannot read properties of undefined (reading 'info')
2025-03-11 14:03:12 info: Database connected
2025-03-11 14:03:12 info: Database synced
2025-03-11 14:03:12 info: Checking platform setup...
2025-03-11 14:03:12 info: Platform created with id: ff70fb09-1e62-4279-bcbd-9a9fbd189a22
2025-03-11 14:03:12 info: Checking platform owner role setup
2025-03-11 14:03:12 info: Owner role created with id: 703f4c4f-5be6-4cf4-bdb7-77663f6704fc
2025-03-11 14:03:12 info: Checking platform admin role setup
2025-03-11 14:03:13 info: Admin role created with id: ce24c6fa-2777-4f91-bce2-72bba49f1add
2025-03-11 14:03:13 info: Checking platform operator role setup
2025-03-11 14:03:13 info: Operator role created with id: 7e75e3e9-aafd-4942-8c19-f2ab02a12780
2025-03-11 14:03:13 info: Checking platform owner setup
2025-03-11 14:03:13 info: Owner created with id: deaee205-c732-4310-ad20-8615fd55a5cf platform id: null
2025-03-11 14:03:13 info: Platform setup completed
2025-03-11 14:03:13 info: Platform setup
2025-03-11 14:03:13 info: Server running on port 3000
2025-03-11 14:03:15 info: Database connected
2025-03-11 14:03:15 info: Database synced
2025-03-11 14:03:15 info: Checking platform setup...
2025-03-11 14:03:15 info: Platform created with id: c93facd3-cb48-40e6-a53a-6da00e820aa8
2025-03-11 14:03:15 info: Checking platform owner role setup
2025-03-11 14:03:15 info: Owner role created with id: b55d2bf3-8d62-4da1-a70f-f9dad33a8c34
2025-03-11 14:03:15 info: Checking platform admin role setup
2025-03-11 14:03:15 info: Admin role created with id: dfe2ebbf-ccce-4c88-a76e-5fb6995e282c
2025-03-11 14:03:15 info: Checking platform operator role setup
2025-03-11 14:03:15 info: Operator role created with id: 18877488-5cc1-46b2-a9cd-3a859bb11650
2025-03-11 14:03:15 info: Checking platform owner setup
2025-03-11 14:03:15 info: Owner created with id: 335f29ff-a58d-493e-8bc9-c393a2e971a4 platform id: undefined
2025-03-11 14:03:15 info: Platform setup completed
2025-03-11 14:03:15 info: Platform setup
2025-03-11 14:03:15 info: Server running on port 3000
2025-03-11 14:03:17 info: Database connected
2025-03-11 14:03:17 info: Database synced
2025-03-11 14:03:17 info: Checking platform setup...
2025-03-11 14:03:17 info: Platform created with id: 239b0004-051f-4aa9-a24a-d294fe9f3c51
2025-03-11 14:03:17 info: Checking platform owner role setup
2025-03-11 14:03:17 info: Owner role created with id: 9cacefbb-460a-484c-9d74-574a067c3561
2025-03-11 14:03:17 info: Checking platform admin role setup
2025-03-11 14:03:17 info: Admin role created with id: dfc2374f-4b1d-45a2-a7ff-efd7ed127b26
2025-03-11 14:03:17 info: Checking platform operator role setup
2025-03-11 14:03:17 info: Operator role created with id: 81f74257-87d9-4f7b-8c5e-da10193333b2
2025-03-11 14:03:17 info: Checking platform owner setup
2025-03-11 14:03:17 error: platform is not defined
2025-03-11 14:03:36 info: Database connected
2025-03-11 14:03:36 info: Database synced
2025-03-11 14:03:36 info: Checking platform setup...
2025-03-11 14:03:36 info: Platform created with id: 68b9cc44-e159-4f91-8f0a-a7edceef2460
2025-03-11 14:03:36 info: Checking platform owner role setup
2025-03-11 14:03:36 info: Owner role created with id: 16631862-852f-432b-a1d8-35f973d022da
2025-03-11 14:03:36 info: Checking platform admin role setup
2025-03-11 14:03:36 info: Admin role created with id: 01f306c1-682d-43b4-903b-74e1263bce06
2025-03-11 14:03:36 info: Checking platform operator role setup
2025-03-11 14:03:36 info: Operator role created with id: f2469a50-f158-4ddd-a11e-b21df9778ad2
2025-03-11 14:03:36 info: Checking platform owner setup
2025-03-11 14:03:36 info: Owner created with id: a4903fd5-9d91-4799-94f4-f4c294a3df6f platform id: null
2025-03-11 14:03:36 info: Platform setup completed
2025-03-11 14:03:36 info: Platform setup
2025-03-11 14:03:36 info: Server running on port 3000
2025-03-11 14:03:56 info: Database connected
2025-03-11 14:03:57 info: Database synced
2025-03-11 14:03:57 info: Checking platform setup...
2025-03-11 14:03:57 info: Platform created with id: c30e4ee5-fe5c-4a93-bf7d-87b0042c541a
2025-03-11 14:03:57 info: Checking platform owner role setup
2025-03-11 14:03:57 info: Owner role created with id: d527ac34-1a6f-46bf-ba1e-8dd8df18ee60
2025-03-11 14:03:57 info: Checking platform admin role setup
2025-03-11 14:03:57 info: Admin role created with id: 61a5edd4-f23e-4f2d-970c-58667265cefe
2025-03-11 14:03:57 info: Checking platform operator role setup
2025-03-11 14:03:57 info: Operator role created with id: eea51f78-4a2c-4c51-af4e-fc443e44100c
2025-03-11 14:03:57 info: Checking platform owner setup
2025-03-11 14:03:57 info: Owner created with id: 2e65531b-d4a9-4628-a0b0-f41d2b5e6372 platform id: null
2025-03-11 14:03:57 info: Platform setup completed
2025-03-11 14:03:57 info: Platform setup
2025-03-11 14:03:57 info: Server running on port 3000
2025-03-11 14:04:04 info: Database connected
2025-03-11 14:04:04 info: Database synced
2025-03-11 14:04:04 info: Checking platform setup...
2025-03-11 14:04:04 info: Platform created with id: a30604c4-8e8d-4e8e-a226-7d9691e6ff64
2025-03-11 14:04:04 info: Checking platform owner role setup
2025-03-11 14:04:04 info: Owner role created with id: 8559d3cd-bc49-4593-8985-cdb5ae3907d9
2025-03-11 14:04:04 info: Checking platform admin role setup
2025-03-11 14:04:04 info: Admin role created with id: b88f7e55-5d5f-4d34-afc2-3ceda08252de
2025-03-11 14:04:04 info: Checking platform operator role setup
2025-03-11 14:04:05 info: Operator role created with id: df354023-e351-4140-a3ff-ac92dc43cefb
2025-03-11 14:04:05 info: Checking platform owner setup
2025-03-11 14:04:05 info: Owner created with id: dcb8cd91-58d4-40cf-9088-efcaf25a7938 platform id: null
2025-03-11 14:04:05 info: Platform setup completed
2025-03-11 14:04:05 info: Platform setup
2025-03-11 14:04:05 info: Server running on port 3000
2025-03-11 14:04:08 info: Database connected
2025-03-11 14:04:08 info: Database synced
2025-03-11 14:04:08 info: Checking platform setup...
2025-03-11 14:04:08 info: Platform created with id: 64908bf1-e319-4e42-8a8a-b4da3b42400b
2025-03-11 14:04:08 info: Checking platform owner role setup
2025-03-11 14:04:08 info: Owner role created with id: 0deff0bf-a9cc-4603-ad1a-b1ddde5b1886
2025-03-11 14:04:08 info: Checking platform admin role setup
2025-03-11 14:04:08 info: Admin role created with id: 57ed267a-cfab-433c-bb31-f5128d4d5393
2025-03-11 14:04:08 info: Checking platform operator role setup
2025-03-11 14:04:08 info: Operator role created with id: 6aefc1b6-9926-44dd-94ac-c1ff3173f236
2025-03-11 14:04:08 info: Checking platform owner setup
2025-03-11 14:04:08 info: Owner created with id: f518d136-5365-4431-81e6-4113bef34e5e platform id: null
2025-03-11 14:04:08 info: Platform setup completed
2025-03-11 14:04:08 info: Platform setup
2025-03-11 14:04:08 info: Server running on port 3000
2025-03-11 14:04:20 info: Database connected
2025-03-11 14:04:21 info: Database synced
2025-03-11 14:04:21 info: Checking platform setup...
2025-03-11 14:04:21 info: Platform created with id: fa6fb341-20c9-4387-8309-5394d5d41af4
2025-03-11 14:04:21 info: Checking platform owner role setup
2025-03-11 14:04:21 info: Owner role created with id: 7e59e5d8-3603-42bc-90b7-ad3c838b4b56
2025-03-11 14:04:21 info: Checking platform admin role setup
2025-03-11 14:04:21 info: Admin role created with id: 374fff3c-eafb-462b-ae5b-3280d2a1a7f1
2025-03-11 14:04:21 info: Checking platform operator role setup
2025-03-11 14:04:21 info: Operator role created with id: 5588cae6-84da-484d-96e3-21542ebeebbe
2025-03-11 14:04:21 info: Checking platform owner setup
2025-03-11 14:04:21 info: Owner created with id: cbda8053-ce8f-46a2-b113-e51fe98bac4d platform id: null
2025-03-11 14:04:21 info: Platform setup completed
2025-03-11 14:04:21 info: Platform setup
2025-03-11 14:04:21 info: Server running on port 3000
2025-03-11 14:04:33 info: Database connected
2025-03-11 14:04:33 info: Database synced
2025-03-11 14:04:33 info: Checking platform setup...
2025-03-11 14:04:33 info: Platform created with id: c08cb49f-13a7-4e56-93ed-93faa1674539
2025-03-11 14:04:33 info: Checking platform owner role setup
2025-03-11 14:04:33 info: Owner role created with id: 78a44be1-fe74-46e4-9449-8f6f160910fd
2025-03-11 14:04:33 info: Checking platform admin role setup
2025-03-11 14:04:33 info: Admin role created with id: 3d8521fd-854a-4efd-bd16-afb6a6dbdd92
2025-03-11 14:04:33 info: Checking platform operator role setup
2025-03-11 14:04:33 info: Operator role created with id: 50818a27-2fd8-45df-a48d-81b900cebc4c
2025-03-11 14:04:33 info: Checking platform owner setup
2025-03-11 14:04:33 info: Owner created with id: c6ca8774-702f-480c-8849-e90b8916fb5f platform id: null
2025-03-11 14:04:33 info: Platform setup completed
2025-03-11 14:04:33 info: Platform setup
2025-03-11 14:04:33 info: Server running on port 3000
2025-03-11 14:04:37 info: Database connected
2025-03-11 14:04:38 info: Database synced
2025-03-11 14:04:38 info: Checking platform setup...
2025-03-11 14:04:38 info: Platform created with id: 1a919bf6-46f7-4591-b1f3-deaf6b282834
2025-03-11 14:04:38 info: Checking platform owner role setup
2025-03-11 14:04:38 info: Owner role created with id: 3d984c38-96b6-4d6f-85ca-858517b8b1a0
2025-03-11 14:04:38 info: Checking platform admin role setup
2025-03-11 14:04:38 info: Admin role created with id: 7b43cfda-09f7-4402-bb02-68e8655febe5
2025-03-11 14:04:38 info: Checking platform operator role setup
2025-03-11 14:04:38 info: Operator role created with id: b9466b4e-c635-42f1-bd4e-b1cf728843f1
2025-03-11 14:04:38 info: Checking platform owner setup
2025-03-11 14:04:38 info: Owner created with id: 5ac7b0c4-fe2d-4a16-8093-6c017c300e01 platform id: null
2025-03-11 14:04:38 info: Platform setup completed
2025-03-11 14:04:38 info: Platform setup
2025-03-11 14:04:38 info: Server running on port 3000
2025-03-11 14:04:42 info: Database connected
2025-03-11 14:04:42 info: Database synced
2025-03-11 14:04:42 info: Checking platform setup...
2025-03-11 14:04:42 info: Platform created with id: b3504645-c834-45e8-b57c-a4e7f35152bd
2025-03-11 14:04:42 info: Checking platform owner role setup
2025-03-11 14:04:42 info: Owner role created with id: 0e1f0587-c921-4083-9259-adc10e64f750
2025-03-11 14:04:42 info: Checking platform admin role setup
2025-03-11 14:04:42 info: Admin role created with id: 614d8a20-f092-4a74-ac87-e443118f13c8
2025-03-11 14:04:42 info: Checking platform operator role setup
2025-03-11 14:04:42 info: Operator role created with id: 5005eaf2-0b6f-4f97-afbc-6bfa5cc15b4f
2025-03-11 14:04:42 info: Checking platform owner setup
2025-03-11 14:04:42 info: Owner created with id: 6865061c-f49a-4afe-b0ad-22bdbdddeb45 platform id: null
2025-03-11 14:04:42 info: Platform setup completed
2025-03-11 14:04:42 info: Platform setup
2025-03-11 14:04:42 info: Server running on port 3000
2025-03-11 14:05:02 info: Database connected
2025-03-11 14:05:02 info: Database synced
2025-03-11 14:05:02 info: Checking platform setup...
2025-03-11 14:05:04 info: Database connected
2025-03-11 14:05:05 info: Database synced
2025-03-11 14:05:05 info: Checking platform setup...
2025-03-11 14:05:30 info: Database connected
2025-03-11 14:05:30 info: Database synced
2025-03-11 14:05:38 info: Database connected
2025-03-11 14:05:38 info: Database synced
2025-03-11 14:05:42 info: Database connected
2025-03-11 14:05:42 info: Database synced
2025-03-11 14:05:42 info: Checking platform setup...
2025-03-11 14:05:42 info: Platform created with id: undefined
2025-03-11 14:05:42 info: Checking platform owner role setup
2025-03-11 14:05:42 info: Owner role created with id: b721ff31-2457-44b6-8f33-152aad441ffb
2025-03-11 14:05:42 info: Checking platform admin role setup
2025-03-11 14:05:42 info: Admin role created with id: 3e753300-19c0-4279-9f50-58674b9af81c
2025-03-11 14:05:42 info: Checking platform operator role setup
2025-03-11 14:05:42 info: Operator role created with id: 14967a69-0725-47ef-a02f-aba214d4c164
2025-03-11 14:05:42 info: Checking platform owner setup
2025-03-11 14:05:42 info: Owner created with id: ef3238c4-7181-48d7-aaf3-8a58b387f8ba platform id: null
2025-03-11 14:05:42 info: Platform setup completed
2025-03-11 14:05:42 info: Platform setup
2025-03-11 14:05:42 info: Server running on port 3000
2025-03-11 14:05:45 info: Database connected
2025-03-11 14:05:45 info: Database synced
2025-03-11 14:05:45 info: Checking platform setup...
2025-03-11 14:05:45 info: Platform created with id: undefined
2025-03-11 14:05:45 info: Checking platform owner role setup
2025-03-11 14:05:45 info: Owner role created with id: e18ba9fd-6ad6-477d-81ac-fdc20270855a
2025-03-11 14:05:45 info: Checking platform admin role setup
2025-03-11 14:05:45 info: Admin role created with id: 62d82329-4271-4f30-bf0c-9e4b64e85c0b
2025-03-11 14:05:45 info: Checking platform operator role setup
2025-03-11 14:05:45 info: Operator role created with id: 3b87756e-2370-4105-85a7-489515d41bbb
2025-03-11 14:05:45 info: Checking platform owner setup
2025-03-11 14:05:45 info: Owner created with id: 2a066a59-8cce-4432-8b60-a197412533d9 platform id: null
2025-03-11 14:05:45 info: Platform setup completed
2025-03-11 14:05:45 info: Platform setup
2025-03-11 14:05:45 info: Server running on port 3000
2025-03-11 14:05:57 info: Database connected
2025-03-11 14:05:57 info: Database synced
2025-03-11 14:05:57 info: Checking platform setup...
2025-03-11 14:05:57 info: Platform created with id: undefined
2025-03-11 14:05:57 info: Checking platform owner role setup
2025-03-11 14:05:57 info: Owner role created with id: 68f07a2a-8f1b-4fb3-992b-014576cd1ebc
2025-03-11 14:05:57 info: Checking platform admin role setup
2025-03-11 14:05:57 info: Admin role created with id: 8db56e85-89f7-42c3-a891-689038b4a9f8
2025-03-11 14:05:57 info: Checking platform operator role setup
2025-03-11 14:05:57 info: Operator role created with id: df67b2f2-3319-44e0-bdb9-70abf552c03c
2025-03-11 14:05:57 info: Checking platform owner setup
2025-03-11 14:05:57 info: Owner created with id: 9f330a81-c0bf-4a8c-abc6-820398c4853c platform id: null
2025-03-11 14:05:57 info: Platform setup completed
2025-03-11 14:05:57 info: Platform setup
2025-03-11 14:05:57 info: Server running on port 3000
2025-03-11 14:06:02 info: Database connected
2025-03-11 14:06:02 info: Database synced
2025-03-11 14:06:02 info: Checking platform setup...
2025-03-11 14:06:02 info: Platform created with id: undefined
2025-03-11 14:06:02 info: Checking platform owner role setup
2025-03-11 14:06:02 info: Owner role created with id: f5f05ba8-2eb7-482f-9ceb-d718121c92b3
2025-03-11 14:06:02 info: Checking platform admin role setup
2025-03-11 14:06:02 info: Admin role created with id: 13f4522c-966a-402d-b428-fd61d1f6c855
2025-03-11 14:06:02 info: Checking platform operator role setup
2025-03-11 14:06:02 info: Operator role created with id: 54f5ced2-c310-48f6-8567-f2ec24cfc141
2025-03-11 14:06:02 info: Checking platform owner setup
2025-03-11 14:06:02 info: Owner created with id: cfd24530-39da-418b-963e-27ae5787f554 platform id: null
2025-03-11 14:06:02 info: Platform setup completed
2025-03-11 14:06:02 info: Platform setup
2025-03-11 14:06:02 info: Server running on port 3000
2025-03-11 14:06:19 info: Database connected
2025-03-11 14:06:19 info: Database synced
2025-03-11 14:06:21 info: Database connected
2025-03-11 14:06:21 info: Database synced
2025-03-11 14:06:23 info: Database connected
2025-03-11 14:06:23 info: Database synced
2025-03-11 14:06:29 info: Database connected
2025-03-11 14:06:29 info: Database synced
2025-03-11 14:06:31 info: Database connected
2025-03-11 14:06:32 info: Database synced
2025-03-11 14:06:45 info: Database connected
2025-03-11 14:06:45 info: Database synced
2025-03-11 14:07:04 info: Database connected
2025-03-11 14:07:04 info: Database synced
2025-03-11 14:07:10 info: Database connected
2025-03-11 14:07:10 info: Database synced
2025-03-11 14:07:25 info: Database connected
2025-03-11 14:07:25 info: Database synced
2025-03-11 14:07:34 info: Database connected
2025-03-11 14:07:35 info: Database synced
2025-03-11 14:07:36 info: Database connected
2025-03-11 14:07:36 info: Database synced
2025-03-11 14:07:41 info: Database connected
2025-03-11 14:07:41 info: Database synced
2025-03-11 14:07:49 info: Database connected
2025-03-11 14:07:49 info: Database synced
2025-03-11 14:07:55 info: Database connected
2025-03-11 14:07:56 info: Database synced
2025-03-11 14:08:00 info: Database connected
2025-03-11 14:08:00 info: Database synced
2025-03-11 14:08:05 info: Database connected
2025-03-11 14:08:05 info: Database synced
2025-03-11 14:08:09 info: Database connected
2025-03-11 14:08:09 info: Database synced
2025-03-11 14:08:15 info: Database connected
2025-03-11 14:08:15 info: Database synced
2025-03-11 14:08:32 info: Database connected
2025-03-11 14:08:32 info: Database synced
2025-03-11 14:08:32 info: Checking platform setup...
2025-03-11 14:08:32 error: Cannot read properties of undefined (reading 'id')
2025-03-11 14:08:37 info: Database connected
2025-03-11 14:08:37 info: Database synced
2025-03-11 14:08:37 info: Checking platform setup...
2025-03-11 14:08:37 error: isNew is not defined
2025-03-11 14:08:39 info: Database connected
2025-03-11 14:08:39 info: Database synced
2025-03-11 14:08:39 info: Checking platform setup...
2025-03-11 14:08:39 error: Cannot read properties of undefined (reading 'id')
2025-03-11 14:08:53 info: Database connected
2025-03-11 14:08:54 info: Database synced
2025-03-11 14:08:54 info: Checking platform setup...
2025-03-11 14:08:54 error: Cannot read properties of undefined (reading 'id')
2025-03-11 14:09:09 info: Database connected
2025-03-11 14:09:09 info: Database synced
2025-03-11 14:09:09 info: Checking platform setup...
2025-03-11 14:09:09 error: Cannot read properties of undefined (reading 'id')
2025-03-11 14:09:16 info: Database connected
2025-03-11 14:09:17 info: Database synced
2025-03-11 14:09:17 info: Checking platform setup...
2025-03-11 14:09:17 error: platfomr is not defined
2025-03-11 14:09:18 info: Database connected
2025-03-11 14:09:18 info: Database synced
2025-03-11 14:09:18 info: Checking platform setup...
2025-03-11 14:09:18 error: Cannot read properties of undefined (reading 'id')
2025-03-11 14:09:24 info: Database connected
2025-03-11 14:09:24 info: Database synced
2025-03-11 14:09:24 info: Checking platform setup...
2025-03-11 14:09:24 info: Platform created with id: 8484286f-5c65-450f-8f03-674631785e97
2025-03-11 14:09:24 info: Checking platform owner role setup
2025-03-11 14:09:24 info: Owner role created with id: f4562083-8b92-42d3-bce4-6ea6dbe03dd4
2025-03-11 14:09:24 info: Checking platform admin role setup
2025-03-11 14:09:24 info: Admin role created with id: d9e92b1b-8932-45b3-8126-a7c35df6a5f7
2025-03-11 14:09:24 info: Checking platform operator role setup
2025-03-11 14:09:24 info: Operator role created with id: bf6ece87-56e0-4633-b2e6-250bdc9fba68
2025-03-11 14:09:24 info: Checking platform owner setup
2025-03-11 14:09:24 info: Owner created with id: b8388dde-f931-4ccd-9c98-250d90f51e6a platform id: null
2025-03-11 14:09:24 info: Platform setup completed
2025-03-11 14:09:24 info: Platform setup
2025-03-11 14:09:24 info: Server running on port 3000
2025-03-11 14:09:26 info: Database connected
2025-03-11 14:09:27 info: Database synced
2025-03-11 14:09:27 info: Checking platform setup...
2025-03-11 14:09:27 info: Platform created with id: 719dc501-f8de-432a-b5e7-87aed5836c18
2025-03-11 14:09:27 info: Checking platform owner role setup
2025-03-11 14:09:27 info: Owner role created with id: 9c1e56ee-c925-4fc4-99e4-1b622a806afd
2025-03-11 14:09:27 info: Checking platform admin role setup
2025-03-11 14:09:27 info: Admin role created with id: 967de45e-8fce-4f61-8d5c-efd4110fe4e0
2025-03-11 14:09:27 info: Checking platform operator role setup
2025-03-11 14:09:27 info: Operator role created with id: e16f50eb-ca27-4c6b-8825-e3207402fb00
2025-03-11 14:09:27 info: Checking platform owner setup
2025-03-11 14:09:27 info: Owner created with id: fe691b52-8f4c-40ef-aae2-e5ae7a1217b9 platform id: null
2025-03-11 14:09:27 info: Platform setup completed
2025-03-11 14:09:27 info: Platform setup
2025-03-11 14:09:27 info: Server running on port 3000
2025-03-11 14:09:35 info: Database connected
2025-03-11 14:09:35 info: Database synced
2025-03-11 14:09:35 info: Checking platform setup...
2025-03-11 14:09:35 info: Platform created with id: fc167fb7-2b15-4a92-9d50-bbaac4d3cb47
2025-03-11 14:09:35 info: Checking platform owner role setup
2025-03-11 14:09:35 error: or is not defined
2025-03-11 14:09:39 info: Database connected
2025-03-11 14:09:39 info: Database synced
2025-03-11 14:09:39 info: Checking platform setup...
2025-03-11 14:09:39 info: Platform created with id: 58031e66-16f5-48c8-958a-0445b32759b0
2025-03-11 14:09:39 info: Checking platform owner role setup
2025-03-11 14:09:39 info: Owner role created with id: fd11f36d-eff4-4be9-ac9e-8e0684d958e6
2025-03-11 14:09:39 info: Checking platform admin role setup
2025-03-11 14:09:39 info: Admin role created with id: e21ec247-1130-4b7b-9687-32cecc3b1228
2025-03-11 14:09:39 info: Checking platform operator role setup
2025-03-11 14:09:39 info: Operator role created with id: ec9d0754-323d-4860-90b9-68738926bb78
2025-03-11 14:09:39 info: Checking platform owner setup
2025-03-11 14:09:39 info: Owner created with id: d3cf12cc-fa33-4390-b809-43a4290bc72f platform id: null
2025-03-11 14:09:39 info: Platform setup completed
2025-03-11 14:09:39 info: Platform setup
2025-03-11 14:09:39 info: Server running on port 3000
2025-03-11 14:09:45 info: Database connected
2025-03-11 14:09:45 info: Database synced
2025-03-11 14:09:45 info: Checking platform setup...
2025-03-11 14:09:45 info: Platform created with id: ec26a947-975e-4462-a3ab-63aa8c90021b
2025-03-11 14:09:45 info: Checking platform owner role setup
2025-03-11 14:09:45 info: Owner role created with id: 973e18d4-bbd8-49c9-9dde-2f51871671e3
2025-03-11 14:09:47 info: Database connected
2025-03-11 14:09:47 info: Database synced
2025-03-11 14:09:47 info: Checking platform setup...
2025-03-11 14:09:47 info: Platform created with id: 0861f543-48bf-4047-ab02-d6ab40f9a3b4
2025-03-11 14:09:47 info: Checking platform owner role setup
2025-03-11 14:09:47 info: Owner role created with id: 72bc64c9-b1be-4b2b-8686-7ac46e242e44
2025-03-11 14:09:47 info: Checking platform admin role setup
2025-03-11 14:09:47 info: Admin role created with id: 35ce642d-f54d-4327-96bf-8b48de3f0112
2025-03-11 14:09:47 info: Checking platform operator role setup
2025-03-11 14:09:47 info: Operator role created with id: 62549b9d-0fbb-409c-bd0f-d286167af909
2025-03-11 14:09:47 info: Checking platform owner setup
2025-03-11 14:09:47 info: Owner created with id: b270498b-fd23-41cf-958e-1be3567eb0d3 platform id: null
2025-03-11 14:09:47 info: Platform setup completed
2025-03-11 14:09:47 info: Platform setup
2025-03-11 14:09:47 info: Server running on port 3000
2025-03-11 14:09:49 info: Database connected
2025-03-11 14:09:49 info: Database synced
2025-03-11 14:09:49 info: Checking platform setup...
2025-03-11 14:09:49 info: Platform created with id: c848adf9-39da-474d-80e9-6d0746b235e2
2025-03-11 14:09:49 info: Checking platform owner role setup
2025-03-11 14:09:49 info: Owner role created with id: 54a3b443-3630-4311-a692-6373afdd8e68
2025-03-11 14:09:55 info: Database connected
2025-03-11 14:09:55 info: Database synced
2025-03-11 14:09:55 info: Checking platform setup...
2025-03-11 14:09:55 info: Platform created with id: 7312ddfe-67ef-4e68-996d-15619606a575
2025-03-11 14:09:55 info: Checking platform owner role setup
2025-03-11 14:09:55 info: Owner role created with id: e623f632-2bcd-4103-96a2-b27ea11c9965
2025-03-11 14:09:55 info: Checking platform admin role setup
2025-03-11 14:09:55 info: Checking platform operator role setup
2025-03-11 14:09:55 info: Operator role created with id: c22a1af4-3319-4f57-bef0-f54cf77dcbd6
2025-03-11 14:09:55 info: Checking platform owner setup
2025-03-11 14:09:55 info: Owner created with id: 64d398c5-f146-4440-8581-3f97f7ab7dd3 platform id: null
2025-03-11 14:09:55 info: Platform setup completed
2025-03-11 14:09:55 info: Platform setup
2025-03-11 14:09:55 info: Server running on port 3000
2025-03-11 14:09:58 info: Database connected
2025-03-11 14:09:58 info: Database synced
2025-03-11 14:09:58 info: Checking platform setup...
2025-03-11 14:09:58 info: Platform created with id: 5de04e17-6534-412d-bdcb-be8bb87bdae2
2025-03-11 14:09:58 info: Checking platform owner role setup
2025-03-11 14:09:58 info: Owner role created with id: 5772f886-55fc-4ecf-a3ad-605320389217
2025-03-11 14:09:58 info: Checking platform admin role setup
2025-03-11 14:09:58 info: Checking platform operator role setup
2025-03-11 14:09:58 info: Operator role created with id: 7f5b6d9f-5b8a-4b28-ae72-d799ed04a642
2025-03-11 14:09:58 info: Checking platform owner setup
2025-03-11 14:09:58 info: Owner created with id: 3ee8e5fd-2d0c-464c-9546-261017ed96d3 platform id: null
2025-03-11 14:09:58 info: Platform setup completed
2025-03-11 14:09:58 info: Platform setup
2025-03-11 14:09:58 info: Server running on port 3000
2025-03-11 14:10:02 info: Database connected
2025-03-11 14:10:02 info: Database synced
2025-03-11 14:10:02 info: Checking platform setup...
2025-03-11 14:10:02 info: Platform created with id: e0a666be-a52b-4e52-971d-8a22382a2409
2025-03-11 14:10:02 info: Checking platform owner role setup
2025-03-11 14:10:02 info: Owner role created with id: a8d051ec-ce0d-46cf-9d36-abe095f50c6d
2025-03-11 14:10:02 info: Checking platform admin role setup
2025-03-11 14:10:02 info: Checking platform operator role setup
2025-03-11 14:10:02 info: Operator role created with id: 6b608de1-438b-421a-a192-6eb69af500b6
2025-03-11 14:10:02 info: Checking platform owner setup
2025-03-11 14:10:02 info: Owner created with id: 0a8c42b2-9cd5-498e-96a6-79aa1582fb17 platform id: null
2025-03-11 14:10:02 info: Platform setup completed
2025-03-11 14:10:02 info: Platform setup
2025-03-11 14:10:02 info: Server running on port 3000
2025-03-11 14:10:05 info: Database connected
2025-03-11 14:10:05 info: Database synced
2025-03-11 14:10:05 info: Checking platform setup...
2025-03-11 14:10:05 info: Platform created with id: 75e9799f-a681-4682-adc6-ba8e46a8073a
2025-03-11 14:10:05 info: Checking platform owner role setup
2025-03-11 14:10:05 info: Owner role created with id: 80962d9d-2d3c-4f34-8f12-3a47e1e5bde9
2025-03-11 14:10:05 info: Checking platform admin role setup
2025-03-11 14:10:05 info: Admin role created with id: 7086faed-5a2c-4542-a6c2-820a691347ec
2025-03-11 14:10:05 info: Checking platform operator role setup
2025-03-11 14:10:05 info: Operator role created with id: d7366ab1-6ecb-4449-a579-078654d9476f
2025-03-11 14:10:05 info: Checking platform owner setup
2025-03-11 14:10:05 info: Owner created with id: 5df4365e-adfb-4e80-8b90-5dae49cb5088 platform id: null
2025-03-11 14:10:05 info: Platform setup completed
2025-03-11 14:10:05 info: Platform setup
2025-03-11 14:10:05 info: Server running on port 3000
2025-03-11 14:10:15 info: Database connected
2025-03-11 14:10:15 info: Database synced
2025-03-11 14:10:15 info: Checking platform setup...
2025-03-11 14:10:15 info: Platform created with id: e7dc733b-6d6e-4c32-ae48-762f3b3a4cab
2025-03-11 14:10:15 info: Checking platform owner role setup
2025-03-11 14:10:15 info: Owner role created with id: 3426b08d-da96-4cbd-8b17-501cceaa43d7
2025-03-11 14:10:15 info: Checking platform admin role setup
2025-03-11 14:10:15 info: Admin role created with id: cb813b27-5de1-47dc-9fac-e9891d025cce
2025-03-11 14:10:15 info: Checking platform operator role setup
2025-03-11 14:10:15 info: Checking platform owner setup
2025-03-11 14:10:15 info: Owner created with id: 9aaf71b6-6957-406f-8f4d-c394f32b9d10 platform id: null
2025-03-11 14:10:15 info: Platform setup completed
2025-03-11 14:10:15 info: Platform setup
2025-03-11 14:10:15 info: Server running on port 3000
2025-03-11 14:10:24 info: Database connected
2025-03-11 14:10:24 info: Database synced
2025-03-11 14:10:24 info: Checking platform setup...
2025-03-11 14:10:24 info: Platform created with id: 59366adc-c1dc-4542-9aac-b350e1c58ea7
2025-03-11 14:10:24 info: Checking platform owner role setup
2025-03-11 14:10:24 info: Owner role created with id: def07020-5e33-4dfc-979e-9787c17a4018
2025-03-11 14:10:24 info: Checking platform admin role setup
2025-03-11 14:10:24 info: Admin role created with id: c277c3fa-185b-4ecd-8e81-de44bf85de3c
2025-03-11 14:10:24 info: Checking platform operator role setup
2025-03-11 14:10:24 info: Checking platform owner setup
2025-03-11 14:10:24 info: Owner created with id: eac88246-5559-4528-9aa8-af571a158a9a platform id: null
2025-03-11 14:10:24 info: Platform setup completed
2025-03-11 14:10:24 info: Platform setup
2025-03-11 14:10:24 info: Server running on port 3000
2025-03-11 14:10:28 info: Database connected
2025-03-11 14:10:28 info: Database synced
2025-03-11 14:10:28 info: Checking platform setup...
2025-03-11 14:10:28 info: Platform created with id: dc8ada3e-3e4a-40b7-ab14-7b9340f66163
2025-03-11 14:10:28 info: Checking platform owner role setup
2025-03-11 14:10:28 info: Owner role created with id: 7b86faa3-8a8b-44e8-8371-8d6020d31c49
2025-03-11 14:10:28 info: Checking platform admin role setup
2025-03-11 14:10:28 info: Admin role created with id: 29bbbbf9-c4ef-4c2a-9cde-58967a5c349b
2025-03-11 14:10:28 info: Checking platform operator role setup
2025-03-11 14:10:28 info: Checking platform owner setup
2025-03-11 14:10:28 info: Owner created with id: ee1f0632-a1cc-4a98-ad46-aae683e35779 platform id: null
2025-03-11 14:10:28 info: Platform setup completed
2025-03-11 14:10:28 info: Platform setup
2025-03-11 14:10:28 info: Server running on port 3000
2025-03-11 14:10:30 info: Database connected
2025-03-11 14:10:30 info: Database synced
2025-03-11 14:10:30 info: Checking platform setup...
2025-03-11 14:10:30 info: Platform created with id: 6332e41f-650a-40fc-a7f7-458978809d0d
2025-03-11 14:10:30 info: Checking platform owner role setup
2025-03-11 14:10:30 info: Owner role created with id: 9d835dee-54f2-4d58-a210-71123e0b48d6
2025-03-11 14:10:30 info: Checking platform admin role setup
2025-03-11 14:10:30 info: Admin role created with id: 61158fc0-7e56-40a1-ac52-99ee017be339
2025-03-11 14:10:30 info: Checking platform operator role setup
2025-03-11 14:10:30 info: Operator role created with id: 64d0424d-0a15-4d93-85b1-0f04b459a9d4
2025-03-11 14:10:30 info: Checking platform owner setup
2025-03-11 14:10:30 info: Owner created with id: ddc99c3e-98b5-4713-a352-38ac8f7848c4 platform id: null
2025-03-11 14:10:30 info: Platform setup completed
2025-03-11 14:10:30 info: Platform setup
2025-03-11 14:10:30 info: Server running on port 3000
2025-03-11 14:10:53 info: Database connected
2025-03-11 14:10:53 info: Database synced
2025-03-11 14:10:53 info: Checking platform setup...
2025-03-11 14:10:53 info: Platform created with id: f8e2e29f-7f6b-4722-a1d7-51a05ca4b125
2025-03-11 14:10:53 info: Checking platform owner role setup
2025-03-11 14:10:53 info: Owner role created with id: df40cb51-fe71-42f0-94b0-f62a690ad214
2025-03-11 14:10:53 info: Checking platform admin role setup
2025-03-11 14:10:53 info: Admin role created with id: 240ee7ec-bd28-4b35-bd7c-a13755a8fe64
2025-03-11 14:10:53 info: Checking platform operator role setup
2025-03-11 14:10:53 info: Operator role created with id: 3d7e2b5d-6647-4dd8-af74-b32738719a42
2025-03-11 14:10:53 info: Checking platform owner setup
2025-03-11 14:10:53 info: Owner created with id: c033203a-c385-4aad-bf7f-ef8a39ba78a7 platform id: null
2025-03-11 14:10:53 info: Platform setup completed
2025-03-11 14:10:53 info: Platform setup
2025-03-11 14:10:53 info: Server running on port 3000
2025-03-11 14:10:57 info: Database connected
2025-03-11 14:10:57 info: Database synced
2025-03-11 14:10:57 info: Checking platform setup...
2025-03-11 14:10:57 info: Platform created with id: 75bc2e10-d4b1-4edb-8eb8-965d0327c152
2025-03-11 14:10:57 info: Checking platform owner role setup
2025-03-11 14:10:57 info: Owner role created with id: 696a3f6f-8c97-48a5-8673-59d2d63c9776
2025-03-11 14:10:57 info: Checking platform admin role setup
2025-03-11 14:10:57 info: Admin role created with id: 2c0e91df-90b8-43cd-873c-8eae8d4871f9
2025-03-11 14:10:57 info: Checking platform operator role setup
2025-03-11 14:10:57 info: Operator role created with id: a0154f75-1bb2-4302-808e-49a13d0c7f03
2025-03-11 14:10:57 info: Checking platform owner setup
2025-03-11 14:10:57 info: Platform setup completed
2025-03-11 14:10:57 info: Platform setup
2025-03-11 14:10:57 info: Server running on port 3000
2025-03-11 14:10:59 info: Database connected
2025-03-11 14:10:59 info: Database synced
2025-03-11 14:10:59 info: Checking platform setup...
2025-03-11 14:11:00 info: Platform created with id: d21abf73-1b48-478f-b273-de96f8f2df23
2025-03-11 14:11:00 info: Checking platform owner role setup
2025-03-11 14:11:00 info: Database connected
2025-03-11 14:11:00 info: Database synced
2025-03-11 14:11:00 info: Checking platform setup...
2025-03-11 14:11:00 info: Platform created with id: 910f02d8-fa24-4d6a-b729-8d4adc311a4c
2025-03-11 14:11:00 info: Checking platform owner role setup
2025-03-11 14:11:00 info: Owner role created with id: ece7a600-ae79-4df4-8020-288b530cdf54
2025-03-11 14:11:00 info: Checking platform admin role setup
2025-03-11 14:11:00 info: Admin role created with id: f2898bd4-6b27-4b66-9f47-9d58d604e9bf
2025-03-11 14:11:00 info: Checking platform operator role setup
2025-03-11 14:11:00 info: Operator role created with id: 8af60260-a704-403a-9e10-0a15e97b2919
2025-03-11 14:11:00 info: Checking platform owner setup
2025-03-11 14:11:00 error: (intermediate value) is not iterable
2025-03-11 14:11:03 info: Database connected
2025-03-11 14:11:03 info: Database synced
2025-03-11 14:11:03 info: Checking platform setup...
2025-03-11 14:11:03 info: Platform created with id: deb264c0-8fb9-4775-8f12-0ae3b79cdfcc
2025-03-11 14:11:03 info: Checking platform owner role setup
2025-03-11 14:11:03 info: Owner role created with id: 69316e56-30e8-4513-bbf2-e036bec5e11e
2025-03-11 14:11:03 info: Checking platform admin role setup
2025-03-11 14:11:03 info: Admin role created with id: 10e325fc-47ca-4b6e-b60a-45595defb59d
2025-03-11 14:11:03 info: Checking platform operator role setup
2025-03-11 14:11:03 info: Operator role created with id: 5bd1fbc5-00c7-4788-8c6b-f3cbe63b7789
2025-03-11 14:11:03 info: Checking platform owner setup
2025-03-11 14:11:03 error: (intermediate value) is not iterable
2025-03-11 14:11:08 info: Database connected
2025-03-11 14:11:08 info: Database synced
2025-03-11 14:11:08 info: Checking platform setup...
2025-03-11 14:11:08 info: Platform created with id: 72e972f0-ef58-4f36-b42e-b3803a45b2ed
2025-03-11 14:11:08 info: Checking platform owner role setup
2025-03-11 14:11:08 info: Owner role created with id: cc869064-6329-4ef7-9097-981eb7a32347
2025-03-11 14:11:08 info: Checking platform admin role setup
2025-03-11 14:11:08 info: Admin role created with id: cb2f76b6-b878-4afb-a822-93526c1063f6
2025-03-11 14:11:08 info: Checking platform operator role setup
2025-03-11 14:11:08 info: Operator role created with id: c612f09d-158f-4c55-8e5c-21692e381eb4
2025-03-11 14:11:08 info: Checking platform owner setup
2025-03-11 14:11:08 error: (intermediate value) is not iterable
2025-03-11 14:11:10 info: Database connected
2025-03-11 14:11:11 info: Database synced
2025-03-11 14:11:11 info: Checking platform setup...
2025-03-11 14:11:11 info: Platform created with id: 43551d63-1eb1-40ad-b14d-4f1153039dde
2025-03-11 14:11:11 info: Checking platform owner role setup
2025-03-11 14:11:11 info: Owner role created with id: 7dbf3158-9bf0-4b97-ba43-70dc4d87821d
2025-03-11 14:11:11 info: Checking platform admin role setup
2025-03-11 14:11:11 info: Admin role created with id: 451a9a40-cf1c-4664-baad-eee1218f5e9c
2025-03-11 14:11:11 info: Checking platform operator role setup
2025-03-11 14:11:11 info: Operator role created with id: 017a24fb-fc81-4d13-97c3-ad8fdebba8c4
2025-03-11 14:11:11 info: Checking platform owner setup
2025-03-11 14:11:11 error: (intermediate value) is not iterable
2025-03-11 14:11:15 info: Database connected
2025-03-11 14:11:15 info: Database synced
2025-03-11 14:11:15 info: Checking platform setup...
2025-03-11 14:11:15 info: Platform created with id: 10a1c7bc-3a22-4f9f-b8e7-d5bb2be460b9
2025-03-11 14:11:15 info: Checking platform owner role setup
2025-03-11 14:11:15 info: Owner role created with id: bc99d24c-f235-4bd7-b44e-69242807244f
2025-03-11 14:11:15 info: Checking platform admin role setup
2025-03-11 14:11:15 info: Admin role created with id: 7c10cd73-2f8f-4137-93dc-a04e10a4e089
2025-03-11 14:11:15 info: Checking platform operator role setup
2025-03-11 14:11:15 info: Operator role created with id: 13c8918f-4865-4e75-8e19-39887ee8ccaf
2025-03-11 14:11:15 info: Checking platform owner setup
2025-03-11 14:11:15 error: (intermediate value) is not iterable
2025-03-11 14:11:22 info: Database connected
2025-03-11 14:11:22 info: Database synced
2025-03-11 14:11:22 info: Checking platform setup...
2025-03-11 14:11:22 info: Platform created with id: 25e53ffb-dcd2-4e56-9d5e-46765248cd6c
2025-03-11 14:11:22 info: Checking platform owner role setup
2025-03-11 14:11:22 info: Owner role created with id: 3856b807-c0cb-46a1-b726-1be4a5d772d7
2025-03-11 14:11:22 info: Checking platform admin role setup
2025-03-11 14:11:22 info: Admin role created with id: 93db0a8a-bb90-4868-adc1-3255eb2d7b39
2025-03-11 14:11:22 info: Checking platform operator role setup
2025-03-11 14:11:22 info: Operator role created with id: 7fcdb775-bca4-4396-83ad-a0e551125fde
2025-03-11 14:11:22 info: Checking platform owner setup
2025-03-11 14:11:22 error: (intermediate value) is not iterable
2025-03-11 14:11:27 info: Database connected
2025-03-11 14:11:28 info: Database synced
2025-03-11 14:11:28 info: Checking platform setup...
2025-03-11 14:11:28 info: Platform created with id: 8a438d88-26de-4682-a50c-2df54366b3cb
2025-03-11 14:11:28 info: Checking platform owner role setup
2025-03-11 14:11:28 info: Owner role created with id: d41d3af6-c23f-4677-894c-cfdacf364538
2025-03-11 14:11:28 info: Checking platform admin role setup
2025-03-11 14:11:28 info: Admin role created with id: 971875a1-7f25-4ccf-b8bb-79e4628915db
2025-03-11 14:11:28 info: Checking platform operator role setup
2025-03-11 14:11:28 info: Operator role created with id: c0aa6689-cacf-4936-afa5-4712b3a2a72f
2025-03-11 14:11:28 info: Checking platform owner setup
2025-03-11 14:11:28 error: (intermediate value) is not iterable
2025-03-11 14:11:30 info: Database connected
2025-03-11 14:11:30 info: Database synced
2025-03-11 14:11:30 info: Checking platform setup...
2025-03-11 14:11:30 info: Platform created with id: ad6fd8cf-87a6-4c84-9ba8-61c26c74701e
2025-03-11 14:11:30 info: Checking platform owner role setup
2025-03-11 14:11:30 info: Owner role created with id: ddb3e009-86e5-4ab0-b4e5-e044ef85da74
2025-03-11 14:11:30 info: Checking platform admin role setup
2025-03-11 14:11:30 info: Admin role created with id: d6772e3d-98f6-409a-9036-2d5d6767fef5
2025-03-11 14:11:30 info: Checking platform operator role setup
2025-03-11 14:11:30 info: Operator role created with id: 4783cf7d-6909-4dae-b7ee-81b1ad30ffe8
2025-03-11 14:11:30 info: Checking platform owner setup
2025-03-11 14:11:30 error: (intermediate value) is not iterable
2025-03-11 14:11:37 info: Database connected
2025-03-11 14:11:37 info: Database synced
2025-03-11 14:11:37 info: Checking platform setup...
2025-03-11 14:11:37 info: Platform created with id: 63f86d00-ce3c-4387-bd6d-d5bb684123ae
2025-03-11 14:11:37 info: Checking platform owner role setup
2025-03-11 14:11:37 info: Owner role created with id: 3e4f3d32-df54-4f38-8284-17ef9fe8805f
2025-03-11 14:11:37 info: Checking platform admin role setup
2025-03-11 14:11:37 info: Admin role created with id: a141afc2-6e7c-45a8-8ac6-34253abb4af5
2025-03-11 14:11:37 info: Checking platform operator role setup
2025-03-11 14:11:37 info: Operator role created with id: 18e7a2e9-a143-48ba-a567-347a860fd70c
2025-03-11 14:11:37 info: Checking platform owner setup
2025-03-11 14:11:37 error: (intermediate value) is not iterable
2025-03-11 14:11:42 info: Database connected
2025-03-11 14:11:42 info: Database synced
2025-03-11 14:11:42 info: Checking platform setup...
2025-03-11 14:11:42 info: Platform created with id: 63b2be33-2876-4c36-9b8b-3bd0452f8bbc
2025-03-11 14:11:42 info: Checking platform owner role setup
2025-03-11 14:11:42 info: Owner role created with id: d2db4253-1a0d-41bd-a6ea-2a985f7cfd0f
2025-03-11 14:11:42 info: Checking platform admin role setup
2025-03-11 14:11:42 info: Admin role created with id: d7381906-f329-42f4-a584-816d438df396
2025-03-11 14:11:42 info: Checking platform operator role setup
2025-03-11 14:11:42 info: Operator role created with id: f01593c7-f343-4458-ace3-6a80d1dd95a1
2025-03-11 14:11:42 info: Checking platform owner setup
2025-03-11 14:11:42 error: (intermediate value) is not iterable
2025-03-11 14:11:44 info: Database connected
2025-03-11 14:11:44 info: Database synced
2025-03-11 14:11:44 info: Checking platform setup...
2025-03-11 14:11:44 info: Platform created with id: 17421ef3-518a-47fa-a531-5de09a3f85a6
2025-03-11 14:11:44 info: Checking platform owner role setup
2025-03-11 14:11:44 info: Owner role created with id: 50791420-8f0d-435c-977f-f90f888f6ec5
2025-03-11 14:11:44 info: Checking platform admin role setup
2025-03-11 14:11:44 info: Admin role created with id: cffe4a29-ad7d-4291-8e48-d65a697619d8
2025-03-11 14:11:44 info: Checking platform operator role setup
2025-03-11 14:11:44 info: Operator role created with id: f388b9b9-58ea-4c37-9f9e-f1b3702467e2
2025-03-11 14:11:44 info: Checking platform owner setup
2025-03-11 14:11:44 error: (intermediate value) is not iterable
2025-03-11 14:11:49 info: Database connected
2025-03-11 14:11:49 info: Database synced
2025-03-11 14:11:49 info: Checking platform setup...
2025-03-11 14:11:49 info: Platform created with id: 5e2ef0ed-554b-4335-a7de-9e6fface62a8
2025-03-11 14:11:49 info: Checking platform owner role setup
2025-03-11 14:11:49 info: Owner role created with id: 971b82db-bdd4-4fe4-af25-2f1ee23f3327
2025-03-11 14:11:49 info: Checking platform admin role setup
2025-03-11 14:11:49 info: Admin role created with id: 509e0f96-1e91-416f-884f-1fa174748d0a
2025-03-11 14:11:49 info: Checking platform operator role setup
2025-03-11 14:11:49 info: Operator role created with id: d4400809-8712-466e-8570-63c164de1e96
2025-03-11 14:11:49 info: Checking platform owner setup
2025-03-11 14:11:49 error: (intermediate value) is not iterable
2025-03-11 14:11:51 info: Database connected
2025-03-11 14:11:51 info: Database synced
2025-03-11 14:11:51 info: Checking platform setup...
2025-03-11 14:11:51 info: Platform created with id: ca767eec-9c43-4819-a511-0e70961b37ba
2025-03-11 14:11:51 info: Checking platform owner role setup
2025-03-11 14:11:51 info: Owner role created with id: 8e0769e6-2f25-4718-9c13-4b365c22bb18
2025-03-11 14:11:51 info: Checking platform admin role setup
2025-03-11 14:11:51 info: Admin role created with id: ab7cd11f-ee53-48f7-8a4b-ac84a87a33f5
2025-03-11 14:11:51 info: Checking platform operator role setup
2025-03-11 14:11:51 info: Operator role created with id: 98be302f-5849-4997-bf68-0ae3d47e76a6
2025-03-11 14:11:51 info: Checking platform owner setup
2025-03-11 14:11:51 error: (intermediate value) is not iterable
2025-03-11 14:11:54 info: Database connected
2025-03-11 14:11:54 info: Database synced
2025-03-11 14:11:54 info: Checking platform setup...
2025-03-11 14:11:54 info: Platform created with id: 076e53a1-e486-4d08-8976-a7a72b4bc7b4
2025-03-11 14:11:54 info: Checking platform owner role setup
2025-03-11 14:11:54 info: Owner role created with id: 5fbd0116-29d6-4eb5-8808-86d9868d4d8a
2025-03-11 14:11:54 info: Checking platform admin role setup
2025-03-11 14:11:54 info: Admin role created with id: f383490e-281e-4d0d-a6b4-f946a197b9db
2025-03-11 14:11:54 info: Checking platform operator role setup
2025-03-11 14:11:54 info: Operator role created with id: 61b4d840-c931-4207-84c9-a7a49e7e188b
2025-03-11 14:11:54 info: Checking platform owner setup
2025-03-11 14:11:54 error: (intermediate value) is not iterable
2025-03-11 14:11:56 info: Database connected
2025-03-11 14:11:56 info: Database synced
2025-03-11 14:11:56 info: Checking platform setup...
2025-03-11 14:11:56 info: Platform created with id: b614281e-cff3-4beb-accc-bd715aaace3f
2025-03-11 14:11:56 info: Checking platform owner role setup
2025-03-11 14:11:56 info: Owner role created with id: 855ed047-f73a-464d-a45e-66aeda4d41a2
2025-03-11 14:11:56 info: Checking platform admin role setup
2025-03-11 14:11:56 info: Admin role created with id: 45290898-1703-44f3-992b-e96d36661ab0
2025-03-11 14:11:56 info: Checking platform operator role setup
2025-03-11 14:11:56 info: Operator role created with id: 9f8bf1ad-77fe-4454-9122-13b5e3e0224e
2025-03-11 14:11:56 info: Checking platform owner setup
2025-03-11 14:11:56 error: (intermediate value) is not iterable
2025-03-11 14:11:59 info: Database connected
2025-03-11 14:11:59 info: Database synced
2025-03-11 14:11:59 info: Checking platform setup...
2025-03-11 14:11:59 info: Platform created with id: 45011b18-5b24-4c04-beef-af94e038e79a
2025-03-11 14:11:59 info: Checking platform owner role setup
2025-03-11 14:11:59 info: Owner role created with id: c6c5365c-4e07-44cd-a8e2-6118d8878450
2025-03-11 14:11:59 info: Checking platform admin role setup
2025-03-11 14:11:59 info: Admin role created with id: 92666035-e5a9-4f9e-bfdd-c94874ebb291
2025-03-11 14:11:59 info: Checking platform operator role setup
2025-03-11 14:11:59 info: Operator role created with id: adad9bb0-1479-4c82-a2ba-a56e21564d82
2025-03-11 14:11:59 info: Checking platform owner setup
2025-03-11 14:11:59 error: (intermediate value) is not iterable
2025-03-11 14:12:03 info: Database connected
2025-03-11 14:12:03 info: Database synced
2025-03-11 14:12:03 info: Checking platform setup...
2025-03-11 14:12:03 info: Platform created with id: 2a70f1d6-c54f-4581-b481-434d11d5e700
2025-03-11 14:12:03 info: Checking platform owner role setup
2025-03-11 14:12:03 info: Owner role created with id: 89e74b35-e35b-48e0-83b7-eb8774d5dc7f
2025-03-11 14:12:03 info: Checking platform admin role setup
2025-03-11 14:12:03 info: Admin role created with id: f8ff6d52-5edc-4cb5-a968-85dc12cea1e7
2025-03-11 14:12:03 info: Checking platform operator role setup
2025-03-11 14:12:03 info: Operator role created with id: 127d4857-abfb-49c7-af3c-1b667347a1ba
2025-03-11 14:12:03 info: Checking platform owner setup
2025-03-11 14:12:03 error: (intermediate value) is not iterable
2025-03-11 14:12:05 info: Database connected
2025-03-11 14:12:06 info: Database synced
2025-03-11 14:12:06 info: Checking platform setup...
2025-03-11 14:12:06 info: Platform created with id: f1bf4141-39c8-494f-8312-3c38771ec6fd
2025-03-11 14:12:06 info: Checking platform owner role setup
2025-03-11 14:12:06 info: Owner role created with id: a2a6fcef-3ce6-4d2e-86d4-79a452564fd7
2025-03-11 14:12:06 info: Checking platform admin role setup
2025-03-11 14:12:06 info: Admin role created with id: 7592f3f5-8dda-4a7a-9cdc-299b280260c3
2025-03-11 14:12:06 info: Checking platform operator role setup
2025-03-11 14:12:06 info: Operator role created with id: 38934fd5-e91a-4300-861b-4295606b8e9a
2025-03-11 14:12:06 info: Checking platform owner setup
2025-03-11 14:12:06 error: (intermediate value) is not iterable
2025-03-11 14:12:09 info: Database connected
2025-03-11 14:12:10 info: Database synced
2025-03-11 14:12:10 info: Checking platform setup...
2025-03-11 14:12:10 info: Platform created with id: 3e986a9e-f995-4094-a32b-713a37dfbd51
2025-03-11 14:12:10 info: Checking platform owner role setup
2025-03-11 14:12:10 info: Owner role created with id: 63aff463-1f66-4b81-b69e-23918132a020
2025-03-11 14:12:10 info: Checking platform admin role setup
2025-03-11 14:12:10 info: Admin role created with id: e5e1e0da-5180-4539-aaee-4656655b7941
2025-03-11 14:12:10 info: Checking platform operator role setup
2025-03-11 14:12:10 info: Operator role created with id: 2f675f67-b700-4e9b-a4f1-b35965229c4c
2025-03-11 14:12:10 info: Checking platform owner setup
2025-03-11 14:12:10 error: (intermediate value) is not iterable
2025-03-11 14:12:10 info: Database connected
2025-03-11 14:12:10 info: Database synced
2025-03-11 14:12:10 info: Checking platform setup...
2025-03-11 14:12:10 info: Platform created with id: a1850c7c-76cc-4f94-97fa-f3bf8c410d41
2025-03-11 14:12:10 info: Checking platform owner role setup
2025-03-11 14:12:10 info: Owner role created with id: b86545e8-9189-4fe1-b5d0-109800cc8b6d
2025-03-11 14:12:10 info: Checking platform admin role setup
2025-03-11 14:12:10 info: Admin role created with id: 11f4f80b-d376-48b9-9240-778322b9b4f9
2025-03-11 14:12:10 info: Checking platform operator role setup
2025-03-11 14:12:10 info: Operator role created with id: 8e998a6f-c882-4ffc-ad8f-8a911dd96f90
2025-03-11 14:12:10 info: Checking platform owner setup
2025-03-11 14:12:10 error: (intermediate value) is not iterable
2025-03-11 14:12:13 info: Database connected
2025-03-11 14:12:14 info: Database synced
2025-03-11 14:12:14 info: Checking platform setup...
2025-03-11 14:12:14 info: Platform created with id: 3f9b4950-c3cf-4fcb-ba6f-f9f20b126db7
2025-03-11 14:12:14 info: Checking platform owner role setup
2025-03-11 14:12:14 info: Owner role created with id: 13d01d4f-9135-4507-ba6a-00acc0621f83
2025-03-11 14:12:14 info: Checking platform admin role setup
2025-03-11 14:12:14 info: Admin role created with id: b8b276b8-58bd-4be8-ae66-bf7abd8dd5f8
2025-03-11 14:12:14 info: Checking platform operator role setup
2025-03-11 14:12:14 info: Operator role created with id: 9516f59b-42f1-4f14-a94b-d4a7b556ea35
2025-03-11 14:12:14 info: Checking platform owner setup
2025-03-11 14:12:14 error: (intermediate value) is not iterable
2025-03-11 14:12:33 info: Database connected
2025-03-11 14:12:33 info: Database synced
2025-03-11 14:12:33 info: Checking platform setup...
2025-03-11 14:12:33 info: Platform created with id: 25673eed-2fec-4ac0-8247-461b3b4aecb3
2025-03-11 14:12:33 info: Checking platform owner role setup
2025-03-11 14:12:33 info: Owner role created with id: e41b9afa-de7d-4313-9092-a608c3a4cf03
2025-03-11 14:12:33 info: Checking platform admin role setup
2025-03-11 14:12:33 info: Admin role created with id: df6b4593-d37f-49ac-a513-61b9e8f59414
2025-03-11 14:12:33 info: Checking platform operator role setup
2025-03-11 14:12:33 info: Operator role created with id: 1ce592da-07e3-41b3-985c-144e0a3eca7c
2025-03-11 14:12:33 info: Checking platform owner setup
2025-03-11 14:12:33 error: (intermediate value) is not iterable
2025-03-11 14:12:36 info: Database connected
2025-03-11 14:12:36 info: Database synced
2025-03-11 14:12:36 info: Checking platform setup...
2025-03-11 14:12:36 info: Platform created with id: 032c87af-df0e-4180-9f1c-67f120f60dc3
2025-03-11 14:12:36 info: Checking platform owner role setup
2025-03-11 14:12:36 info: Owner role created with id: 260c6e1b-e5dc-4108-a12f-595b9d6d6bdc
2025-03-11 14:12:36 info: Checking platform admin role setup
2025-03-11 14:12:36 info: Admin role created with id: 0d18e11a-418a-45a0-8970-8c361e91daaa
2025-03-11 14:12:36 info: Checking platform operator role setup
2025-03-11 14:12:36 info: Operator role created with id: ccb417f5-6317-4668-b944-18219554a60f
2025-03-11 14:12:36 info: Checking platform owner setup
2025-03-11 14:12:36 error: (intermediate value) is not iterable
2025-03-11 14:12:41 info: Database connected
2025-03-11 14:12:41 info: Database synced
2025-03-11 14:12:41 info: Checking platform setup...
2025-03-11 14:12:41 info: Platform created with id: 975538f3-8259-499f-9fe2-8ffa2f9141c5
2025-03-11 14:12:41 info: Checking platform owner role setup
2025-03-11 14:12:41 info: Owner role created with id: 8b308253-70e4-405b-9a85-358fde9f45c0
2025-03-11 14:12:41 info: Checking platform admin role setup
2025-03-11 14:12:41 info: Admin role created with id: c9f09ff4-97c4-4c10-98b2-dbfda441007c
2025-03-11 14:12:41 info: Checking platform operator role setup
2025-03-11 14:12:41 info: Operator role created with id: 58dd428a-6789-440f-a974-21bd776ef4b0
2025-03-11 14:12:41 info: Checking platform owner setup
2025-03-11 14:12:41 error: (intermediate value) is not iterable
2025-03-11 14:12:43 info: Database connected
2025-03-11 14:12:43 info: Database synced
2025-03-11 14:12:43 info: Checking platform setup...
2025-03-11 14:12:43 info: Platform created with id: 216f8cbc-6b33-42ac-8468-45eeb193f48a
2025-03-11 14:12:43 info: Checking platform owner role setup
2025-03-11 14:12:43 info: Owner role created with id: 78cf2db3-6557-458a-a9d2-2484dee6f55d
2025-03-11 14:12:43 info: Checking platform admin role setup
2025-03-11 14:12:43 info: Admin role created with id: f0bd84bc-e043-41e1-9744-f752d9b10d03
2025-03-11 14:12:43 info: Checking platform operator role setup
2025-03-11 14:12:43 info: Operator role created with id: 8d983fe4-9db5-4f6e-8302-d8245001a379
2025-03-11 14:12:43 info: Checking platform owner setup
2025-03-11 14:12:43 error: (intermediate value) is not iterable
2025-03-11 14:14:01 info: Database connected
2025-03-11 14:14:01 info: Database synced
2025-03-11 14:14:01 info: Checking platform setup...
2025-03-11 14:14:01 info: Platform created with id: dec906e0-b8b2-4872-9564-733b84e5ef1b
2025-03-11 14:14:01 info: Checking platform owner role setup
2025-03-11 14:14:01 info: Owner role created with id: 5973d609-550a-4b04-b09a-af94a190ae74
2025-03-11 14:14:01 info: Checking platform admin role setup
2025-03-11 14:14:01 info: Admin role created with id: 7a28e72a-a2a2-4856-8541-ae8bf1d70b33
2025-03-11 14:14:01 info: Checking platform operator role setup
2025-03-11 14:14:01 info: Operator role created with id: fc7bed38-4e05-4acf-add8-1999a25a4367
2025-03-11 14:14:01 info: Checking platform owner setup
2025-03-11 14:14:01 error: (intermediate value) is not iterable
2025-03-11 14:14:16 info: Database connected
2025-03-11 14:14:16 info: Database synced
2025-03-11 14:14:16 info: Checking platform setup...
2025-03-11 14:14:16 info: Platform created with id: d8b0b15c-2267-4180-a8ad-684a7b2e22f5
2025-03-11 14:14:16 info: Checking platform owner role setup
2025-03-11 14:14:16 info: Owner role created with id: 19ea1721-4b52-4169-8106-02c6fe76088d
2025-03-11 14:14:16 info: Checking platform admin role setup
2025-03-11 14:14:16 info: Admin role created with id: 7110630d-4bc7-4505-ad19-7817ff076688
2025-03-11 14:14:16 info: Checking platform operator role setup
2025-03-11 14:14:16 info: Operator role created with id: 56fe2f94-74f9-45f0-beec-f39bf4e0385e
2025-03-11 14:14:16 info: Checking platform owner setup
2025-03-11 14:14:16 error: (intermediate value) is not iterable
2025-03-11 14:14:30 info: Database connected
2025-03-11 14:14:30 info: Database synced
2025-03-11 14:14:30 info: Checking platform setup...
2025-03-11 14:14:30 info: Platform created with id: eaa01de3-4288-4dd6-b298-4033ea8888c2
2025-03-11 14:14:30 info: Checking platform owner role setup
2025-03-11 14:14:30 info: Owner role created with id: 6af4c918-106d-4f8c-b5ec-82585f4a67aa
2025-03-11 14:14:30 info: Checking platform admin role setup
2025-03-11 14:14:30 info: Admin role created with id: 4ff610c5-c15b-4580-bd8d-145783b4db35
2025-03-11 14:14:30 info: Checking platform operator role setup
2025-03-11 14:14:30 info: Operator role created with id: 649564b3-7c89-4ec1-9d9e-7f4b77ca64ab
2025-03-11 14:14:52 info: Database connected
2025-03-11 14:14:52 info: Database synced
2025-03-11 14:14:52 info: Checking platform setup...
2025-03-11 14:14:52 info: Platform created with id: a67d7a2c-70e6-49f5-a6dc-9293cf565c42
2025-03-11 14:14:52 info: Checking platform owner role setup
2025-03-11 14:14:52 info: Owner role created with id: 239f1400-574d-4505-b03b-912601e17488
2025-03-11 14:14:52 info: Checking platform admin role setup
2025-03-11 14:14:52 info: Admin role created with id: a104a58e-0bd4-4c22-87c1-8f29b7541fa6
2025-03-11 14:14:52 info: Checking platform operator role setup
2025-03-11 14:14:52 info: Operator role created with id: 6040229c-369e-4ca6-ac20-920f3ec13f1f
2025-03-11 14:14:52 info: Checking platform owner setup
2025-03-11 14:14:59 info: Database connected
2025-03-11 14:14:59 info: Database synced
2025-03-11 14:14:59 info: Checking platform setup...
2025-03-11 14:14:59 info: Platform created with id: d58f0927-dada-4f64-89d7-94caab8527e7
2025-03-11 14:14:59 info: Checking platform owner role setup
2025-03-11 14:14:59 info: Owner role created with id: 21479847-286c-4b52-a876-9d5528d32884
2025-03-11 14:14:59 info: Checking platform admin role setup
2025-03-11 14:14:59 info: Admin role created with id: 939800e0-9c13-4168-9927-002c7172fa65
2025-03-11 14:14:59 info: Checking platform operator role setup
2025-03-11 14:14:59 info: Operator role created with id: 59f33029-2ade-4511-8277-37549d3aa5ae
2025-03-11 14:14:59 info: Checking platform owner setup
2025-03-11 14:14:59 info: Owner created with id: 93067ef8-61bc-4798-98a4-0384a0cfc354
2025-03-11 14:14:59 info: Platform setup completed
2025-03-11 14:14:59 info: Platform setup
2025-03-11 14:14:59 info: Server running on port 3000
2025-03-11 14:15:04 info: Database connected
2025-03-11 14:15:04 info: Database synced
2025-03-11 14:15:04 info: Checking platform setup...
2025-03-11 14:15:04 info: Platform created with id: 13fc8b4e-4855-4813-95bb-2b50c9d8cd35
2025-03-11 14:15:04 info: Checking platform owner role setup
2025-03-11 14:15:04 info: Owner role created with id: 8c3cc4cf-d94b-4248-bb9b-265a4c6a3700
2025-03-11 14:15:04 info: Checking platform admin role setup
2025-03-11 14:15:04 info: Admin role created with id: dcf9f3bd-2b89-4723-8e10-8bd9f9d45225
2025-03-11 14:15:04 info: Checking platform operator role setup
2025-03-11 14:15:04 info: Operator role created with id: c354eab0-d483-470c-8a3d-7980e76869b2
2025-03-11 14:15:04 info: Checking platform owner setup
2025-03-11 14:15:04 info: Owner created with id: 924b7687-ee2c-4492-8616-c83d7de1a821
2025-03-11 14:15:04 info: Platform setup completed
2025-03-11 14:15:04 info: Platform setup
2025-03-11 14:15:04 info: Server running on port 3000
2025-03-11 14:15:06 info: Database connected
2025-03-11 14:15:06 info: Database synced
2025-03-11 14:15:06 info: Checking platform setup...
2025-03-11 14:15:06 info: Platform created with id: abf43fac-6463-40d8-aa76-61de9e5c6b42
2025-03-11 14:15:06 info: Checking platform owner role setup
2025-03-11 14:15:06 info: Owner role created with id: 256b2461-d425-451a-9de7-93bc0fbc9f07
2025-03-11 14:15:06 info: Checking platform admin role setup
2025-03-11 14:15:06 info: Admin role created with id: a7adddc0-1ba6-4880-9912-c5805a3accf0
2025-03-11 14:15:06 info: Checking platform operator role setup
2025-03-11 14:15:06 info: Operator role created with id: 116b6e6c-cc53-4c3e-bbd0-8adf4ca427bb
2025-03-11 14:15:06 info: Checking platform owner setup
2025-03-11 14:15:06 info: Owner created with id: b93ab771-28c7-4841-bcfe-95f0657176a8
2025-03-11 14:15:06 info: Platform setup completed
2025-03-11 14:15:06 info: Platform setup
2025-03-11 14:15:06 info: Server running on port 3000
2025-03-11 14:16:07 info: Database connected
2025-03-11 14:16:07 info: Database synced
2025-03-11 14:16:07 info: Checking platform setup...
2025-03-11 14:16:07 info: Platform created with id: c3a5294c-0098-45dd-aca9-d89e1b15f5f6
2025-03-11 14:16:07 info: Checking platform owner role setup
2025-03-11 14:16:07 info: Owner role created with id: bf0080dd-ce1f-41e8-8c09-8ad778e395d5
2025-03-11 14:16:07 info: Checking platform admin role setup
2025-03-11 14:16:07 info: Admin role created with id: 1b3fe200-d71f-48cc-96ab-b08c7a9509ac
2025-03-11 14:16:07 info: Checking platform operator role setup
2025-03-11 14:16:07 info: Operator role created with id: b9a1fbd1-bc4d-4f8c-9b3b-822664342d40
2025-03-11 14:16:07 info: Checking platform owner setup
2025-03-11 14:16:07 info: Owner created with id: cb470e1b-5e8d-405c-9e62-acdc0811e1fa
2025-03-11 14:16:07 info: Platform setup completed
2025-03-11 14:16:07 info: Platform setup
2025-03-11 14:16:07 info: Server running on port 3000
2025-03-11 14:16:09 info: Database connected
2025-03-11 14:16:09 info: Database synced
2025-03-11 14:16:09 info: Checking platform setup...
2025-03-11 14:16:09 info: Platform created with id: 0d6fb842-f163-4ae6-861a-e1f0ec6db072
2025-03-11 14:16:09 info: Checking platform owner role setup
2025-03-11 14:16:09 info: Owner role created with id: 18adbf9f-6ae0-4451-833d-a46b4b8d58ff
2025-03-11 14:16:09 info: Checking platform admin role setup
2025-03-11 14:16:09 info: Admin role created with id: b4c6d9f6-92a9-4c02-9039-7cf4e37ba82f
2025-03-11 14:16:09 info: Checking platform operator role setup
2025-03-11 14:16:09 info: Operator role created with id: abcb9638-b608-4515-8b3f-d2acf6b11e53
2025-03-11 14:16:09 info: Checking platform owner setup
2025-03-11 14:16:09 info: Owner created with id: b8ac6843-55e3-4727-8fbb-e6422f9122ca
2025-03-11 14:16:09 info: Platform setup completed
2025-03-11 14:16:09 info: Platform setup
2025-03-11 14:16:09 info: Server running on port 3000
2025-03-11 14:19:19 info: Database connected
2025-03-11 14:19:19 info: Database synced
2025-03-11 14:19:19 info: Checking platform setup...
2025-03-11 14:19:19 info: Platform created with id: d4169803-9b9f-4259-93f6-6c4b934d333e
2025-03-11 14:19:19 info: Checking platform owner role setup
2025-03-11 14:19:19 info: Owner role created with id: bd9d4908-51da-4665-b03a-985b6ae805e5
2025-03-11 14:19:19 info: Checking platform admin role setup
2025-03-11 14:19:19 info: Admin role created with id: cfcc46ac-445a-4525-9560-7b9867ca5f91
2025-03-11 14:19:19 info: Checking platform operator role setup
2025-03-11 14:19:19 info: Operator role created with id: 6a27576c-e8f9-40f3-bb01-d96b5ef3dde1
2025-03-11 14:19:19 info: Checking platform owner setup
2025-03-11 14:19:19 info: Owner created with id: 5c9e5864-0777-4f57-ad08-4385660820bb
2025-03-11 14:19:19 info: Platform setup completed
2025-03-11 14:19:19 info: Platform setup
2025-03-11 14:19:19 info: Server running on port 3000
2025-03-11 14:19:23 info: Database connected
2025-03-11 14:19:23 info: Database synced
2025-03-11 14:19:23 info: Checking platform setup...
2025-03-11 14:19:23 info: Platform created with id: 4b159c6b-127b-4f06-ac41-8b63c7f96d54
2025-03-11 14:19:23 info: Checking platform owner role setup
2025-03-11 14:19:23 info: Owner role created with id: be4329cd-a7b1-4d2e-b69f-be41201621ff
2025-03-11 14:19:23 info: Checking platform admin role setup
2025-03-11 14:19:23 info: Admin role created with id: 39eef3d8-0097-4da0-9762-e8072d0072a4
2025-03-11 14:19:23 info: Checking platform operator role setup
2025-03-11 14:19:23 info: Operator role created with id: 71ab5b31-543c-49dc-bdc7-fa54829e7e4c
2025-03-11 14:19:23 info: Checking platform owner setup
2025-03-11 14:19:23 info: Owner created with id: 38115545-edd1-4108-aafd-145e74cdb450
2025-03-11 14:19:23 info: Platform setup completed
2025-03-11 14:19:23 info: Platform setup
2025-03-11 14:19:23 info: Server running on port 3000
2025-03-11 14:19:27 info: Database connected
2025-03-11 14:19:27 info: Database synced
2025-03-11 14:19:27 info: Checking platform setup...
2025-03-11 14:19:27 info: Platform created with id: c36ef4c1-38b0-4f9f-a1d8-250e8790402a
2025-03-11 14:19:27 info: Checking platform owner role setup
2025-03-11 14:19:27 info: Owner role created with id: 982f634a-b4e3-428a-9994-86a8fdf773c3
2025-03-11 14:19:27 info: Checking platform admin role setup
2025-03-11 14:19:27 info: Admin role created with id: bf97bb8a-61ff-4438-ba8e-74b25e50fde4
2025-03-11 14:19:27 info: Checking platform operator role setup
2025-03-11 14:19:27 info: Operator role created with id: 28133fb1-38ce-4427-b4db-8293cabfe83b
2025-03-11 14:19:27 info: Checking platform owner setup
2025-03-11 14:19:27 info: Owner created with id: a4560397-2bac-49ba-94a3-d7daf5d62103
2025-03-11 14:19:27 info: Platform setup completed
2025-03-11 14:19:27 info: Platform setup
2025-03-11 14:19:27 info: Server running on port 3000
2025-03-11 14:22:19 info: Database connected
2025-03-11 14:22:19 info: Database synced
2025-03-11 14:22:19 info: Checking platform setup...
2025-03-11 14:22:19 info: Platform created with id: bb20753f-b5c2-40c5-9c93-6e7ac2a81592
2025-03-11 14:22:19 info: Checking platform owner role setup
2025-03-11 14:22:19 info: Owner role created with id: c6d57827-bedf-484e-b237-ea6ed9d59b83
2025-03-11 14:22:19 info: Checking platform admin role setup
2025-03-11 14:22:19 info: Admin role created with id: 9ca1328b-5c52-4353-9fe7-1b4db5a215b2
2025-03-11 14:22:19 info: Checking platform operator role setup
2025-03-11 14:22:19 info: Operator role created with id: bedfba33-f4db-4d80-9622-3b0ddec6643a
2025-03-11 14:22:19 info: Checking platform owner setup
2025-03-11 14:22:19 info: Owner created with id: abb3e5d2-d296-4c59-b0b0-a731b1bf28a8
2025-03-11 14:22:19 info: Platform setup completed
2025-03-11 14:22:19 info: Platform setup
2025-03-11 14:22:19 info: Server running on port 3000
2025-03-11 14:22:22 info: Database connected
2025-03-11 14:22:22 info: Database synced
2025-03-11 14:22:22 info: Checking platform setup...
2025-03-11 14:22:22 info: Platform created with id: d3dfaaa7-0da2-4477-92ac-374f2a7f6330
2025-03-11 14:22:22 info: Checking platform owner role setup
2025-03-11 14:22:22 info: Owner role created with id: 040362ee-7960-4383-90c8-c53cff2408ff
2025-03-11 14:22:22 info: Checking platform admin role setup
2025-03-11 14:22:22 info: Admin role created with id: 6b6d0177-e6d9-42d2-bc55-df0f137b7594
2025-03-11 14:22:22 info: Checking platform operator role setup
2025-03-11 14:22:22 info: Operator role created with id: bcb61fbb-1e17-43bc-9c42-822dc21828db
2025-03-11 14:22:22 info: Checking platform owner setup
2025-03-11 14:22:22 info: Owner created with id: 9b66a29b-0b4a-4ca3-8d20-31f5859deaa1
2025-03-11 14:22:22 info: Platform setup completed
2025-03-11 14:22:22 info: Platform setup
2025-03-11 14:22:22 info: Server running on port 3000
2025-03-11 14:23:59 info: Database connected
2025-03-11 14:23:59 info: Database synced
2025-03-11 14:23:59 info: Checking platform setup...
2025-03-11 14:23:59 info: Platform created with id: 0725500f-5a48-48af-bd09-a3d56eeed0ee
2025-03-11 14:23:59 info: Checking platform owner role setup
2025-03-11 14:23:59 info: Owner role created with id: 6065f835-09e3-439b-94d6-fd0e8b53f094
2025-03-11 14:23:59 info: Checking platform admin role setup
2025-03-11 14:23:59 info: Admin role created with id: a58fbd19-44b5-4716-86a9-6235592ccc43
2025-03-11 14:23:59 info: Checking platform operator role setup
2025-03-11 14:23:59 info: Operator role created with id: d3e10ad2-d08d-4565-8b63-aff1ece73262
2025-03-11 14:23:59 info: Checking platform owner setup
2025-03-11 14:23:59 info: Owner created with id: 398d2474-ef1d-45f5-9e36-a1d6d38044a4
2025-03-11 14:23:59 info: Platform setup completed
2025-03-11 14:23:59 info: Platform setup
2025-03-11 14:23:59 info: Server running on port 3000
2025-03-11 14:24:02 info: Database connected
2025-03-11 14:24:02 info: Database synced
2025-03-11 14:24:02 info: Checking platform setup...
2025-03-11 14:24:02 info: Platform created with id: f79ae2e6-1349-49db-bab0-39e6f59d60f0
2025-03-11 14:24:02 info: Checking platform owner role setup
2025-03-11 14:24:02 info: Owner role created with id: e2950cb3-ac3e-402f-a4e1-6e6ab099d3a9
2025-03-11 14:24:02 info: Checking platform admin role setup
2025-03-11 14:24:02 info: Admin role created with id: 6072dd33-7b5e-4e0d-8633-4872d35e04cd
2025-03-11 14:24:02 info: Checking platform operator role setup
2025-03-11 14:24:02 info: Operator role created with id: d18b8870-631b-4dfa-9ac5-64f76b1c79d7
2025-03-11 14:24:02 info: Checking platform owner setup
2025-03-11 14:24:02 info: Owner created with id: e981ed4b-dbea-480f-b8a1-f3948f4d5a31
2025-03-11 14:24:02 info: Platform setup completed
2025-03-11 14:24:02 info: Platform setup
2025-03-11 14:24:02 info: Server running on port 3000
2025-03-11 14:24:05 info: Database connected
2025-03-11 14:24:05 info: Database synced
2025-03-11 14:24:05 info: Checking platform setup...
2025-03-11 14:24:05 info: Platform created with id: 2aff3074-3a7f-4c34-b7ca-6b614abc0f4f
2025-03-11 14:24:05 info: Checking platform owner role setup
2025-03-11 14:24:05 info: Owner role created with id: 0a1211c2-e9c1-4f5a-83f3-edeee40cf2ac
2025-03-11 14:24:05 info: Checking platform admin role setup
2025-03-11 14:24:05 info: Admin role created with id: b97c17f4-f290-4822-873f-e4c984cff1a9
2025-03-11 14:24:05 info: Checking platform operator role setup
2025-03-11 14:24:05 info: Operator role created with id: 363a75f5-55d2-434c-b227-b174d9c607c3
2025-03-11 14:24:05 info: Checking platform owner setup
2025-03-11 14:24:05 info: Owner created with id: e4f3eea3-eb13-4f34-8e9f-815965c28a77
2025-03-11 14:24:05 info: Platform setup completed
2025-03-11 14:24:05 info: Platform setup
2025-03-11 14:24:05 info: Server running on port 3000
2025-03-11 14:24:10 info: Database connected
2025-03-11 14:24:10 info: Database synced
2025-03-11 14:24:10 info: Checking platform setup...
2025-03-11 14:24:10 info: Platform created with id: ebea9276-db01-4655-8109-83a428be0b83
2025-03-11 14:24:10 info: Checking platform owner role setup
2025-03-11 14:24:10 info: Owner role created with id: d9cfb33b-e045-482d-b44e-6a60d97377cf
2025-03-11 14:24:10 info: Checking platform admin role setup
2025-03-11 14:24:10 info: Admin role created with id: 88237e26-aa75-460a-822f-147773035944
2025-03-11 14:24:10 info: Checking platform operator role setup
2025-03-11 14:24:10 info: Operator role created with id: ea525b4d-d0f6-4823-b25c-346c5c39758b
2025-03-11 14:24:10 info: Checking platform owner setup
2025-03-11 14:24:10 info: Owner created with id: d409921b-c761-40b2-97ad-ef70746885c7
2025-03-11 14:24:10 info: Platform setup completed
2025-03-11 14:24:10 info: Platform setup
2025-03-11 14:24:10 info: Server running on port 3000
2025-03-11 14:24:15 info: Database connected
2025-03-11 14:24:16 info: Database synced
2025-03-11 14:24:16 info: Checking platform setup...
2025-03-11 14:24:16 info: Platform created with id: 15a0fc81-ef8a-4fb7-afdd-d934b1536825
2025-03-11 14:24:16 info: Checking platform owner role setup
2025-03-11 14:24:16 info: Owner role created with id: 044cd539-e885-4e8f-b5b1-2a11f568dbe4
2025-03-11 14:24:16 info: Checking platform admin role setup
2025-03-11 14:24:16 info: Admin role created with id: f9d2d841-21a8-4ee4-be3d-365152fe1edd
2025-03-11 14:24:16 info: Checking platform operator role setup
2025-03-11 14:24:16 info: Operator role created with id: 6daa7ccd-f5d4-4d7c-b4a5-3087f19e699f
2025-03-11 14:24:16 info: Checking platform owner setup
2025-03-11 14:24:16 info: Owner created with id: 88185a5d-83de-4c39-a483-a20a42bffed5
2025-03-11 14:24:16 info: Platform setup completed
2025-03-11 14:24:16 info: Platform setup
2025-03-11 14:24:16 info: Server running on port 3000
2025-03-11 14:24:23 info: Database connected
2025-03-11 14:24:23 info: Database synced
2025-03-11 14:24:23 info: Checking platform setup...
2025-03-11 14:24:23 info: Platform created with id: f41567fd-d26f-44f5-b420-6ed38882aba2
2025-03-11 14:24:23 info: Checking platform owner role setup
2025-03-11 14:24:23 info: Owner role created with id: bbd3fdba-df90-4328-bec3-b23e0c7a8022
2025-03-11 14:24:23 info: Checking platform admin role setup
2025-03-11 14:24:23 info: Admin role created with id: a8bfa8cd-da62-4332-adf3-766839f6e296
2025-03-11 14:24:23 info: Checking platform operator role setup
2025-03-11 14:24:23 info: Operator role created with id: 01825ff4-26de-4286-bc69-7e718ae5ae2a
2025-03-11 14:24:23 info: Checking platform owner setup
2025-03-11 14:24:23 info: Owner created with id: e5e1645a-781e-40b5-b094-33adbaaefb26
2025-03-11 14:24:23 info: Platform setup completed
2025-03-11 14:24:23 info: Platform setup
2025-03-11 14:24:23 info: Server running on port 3000
2025-03-11 14:24:25 info: Database connected
2025-03-11 14:24:25 info: Database synced
2025-03-11 14:24:25 info: Checking platform setup...
2025-03-11 14:24:25 info: Platform created with id: 25b14885-7456-44d7-9621-e6b7223abe74
2025-03-11 14:24:25 info: Checking platform owner role setup
2025-03-11 14:24:25 info: Owner role created with id: cdd05f42-9468-436f-b4ec-66b35b0d89e0
2025-03-11 14:24:25 info: Checking platform admin role setup
2025-03-11 14:24:25 info: Admin role created with id: 2d05c2d4-179f-4f90-9e96-7b651f9c470b
2025-03-11 14:24:25 info: Checking platform operator role setup
2025-03-11 14:24:25 info: Operator role created with id: 454c8f11-6d1e-4ccd-9cc0-ae3d1a5afd68
2025-03-11 14:24:25 info: Checking platform owner setup
2025-03-11 14:24:25 info: Owner created with id: 9ea2b4ac-3264-4824-8675-be4d87965ace
2025-03-11 14:24:25 info: Platform setup completed
2025-03-11 14:24:25 info: Platform setup
2025-03-11 14:24:25 info: Server running on port 3000
2025-03-11 14:24:27 info: Database connected
2025-03-11 14:24:27 info: Database synced
2025-03-11 14:24:27 info: Checking platform setup...
2025-03-11 14:24:27 info: Platform created with id: 744c5202-18ae-41c8-97fa-32eb4b0417d0
2025-03-11 14:24:27 info: Checking platform owner role setup
2025-03-11 14:24:27 info: Owner role created with id: cb00a7d6-5358-4389-a7ae-f78c52feaaec
2025-03-11 14:24:27 info: Checking platform admin role setup
2025-03-11 14:24:28 info: Admin role created with id: d8c73872-383b-4271-a1ae-47d20d235ce1
2025-03-11 14:24:28 info: Checking platform operator role setup
2025-03-11 14:24:28 info: Operator role created with id: 4cedb2d7-e8cb-4911-9a1b-582e68852556
2025-03-11 14:24:28 info: Checking platform owner setup
2025-03-11 14:24:28 info: Owner created with id: e49b82a3-cc75-4507-9f0a-e81eeb3f2135
2025-03-11 14:24:28 info: Platform setup completed
2025-03-11 14:24:28 info: Platform setup
2025-03-11 14:24:28 info: Server running on port 3000
2025-03-11 14:24:37 info: Database connected
2025-03-11 14:24:37 info: Database synced
2025-03-11 14:24:37 info: Checking platform setup...
2025-03-11 14:24:37 info: Platform created with id: c5e607a5-c91b-43a6-836e-9424c1fa3c39
2025-03-11 14:24:37 info: Checking platform owner role setup
2025-03-11 14:24:37 info: Owner role created with id: 1f706bd8-6bef-43a7-b4f7-948f4b8a21e4
2025-03-11 14:24:37 info: Checking platform admin role setup
2025-03-11 14:24:37 info: Admin role created with id: 58fcb9df-de03-4f1c-9682-b4fb957b9931
2025-03-11 14:24:37 info: Checking platform operator role setup
2025-03-11 14:24:37 info: Operator role created with id: 799640e1-6ec0-4afa-a7f9-73d6f96e80f5
2025-03-11 14:24:37 info: Checking platform owner setup
2025-03-11 14:24:37 info: Owner created with id: ff9e7fcb-cbce-4ebb-9535-6bd138a5464e
2025-03-11 14:24:37 info: Platform setup completed
2025-03-11 14:24:37 info: Platform setup
2025-03-11 14:24:37 info: Server running on port 3000
2025-03-11 14:25:29 info: Database connected
2025-03-11 14:25:29 info: Database synced
2025-03-11 14:25:29 info: Checking platform setup...
2025-03-11 14:25:29 info: Platform created with id: 102f496b-8492-4d03-9c6f-420fcd9c2ef9
2025-03-11 14:25:29 info: Checking platform owner role setup
2025-03-11 14:25:29 info: Owner role created with id: 5eb4981e-6311-49cf-b9bf-196d7ad85071
2025-03-11 14:25:29 info: Checking platform admin role setup
2025-03-11 14:25:29 info: Admin role created with id: b182d4da-7959-4e7e-b9ec-5383740d3e5b
2025-03-11 14:25:29 info: Checking platform operator role setup
2025-03-11 14:25:29 info: Operator role created with id: fdf08c71-93b6-411c-8186-63718cad3a7e
2025-03-11 14:25:29 info: Checking platform owner setup
2025-03-11 14:25:29 info: Owner created with id: b9272580-440a-4315-92b0-6338425d9444
2025-03-11 14:25:29 info: Platform setup completed
2025-03-11 14:25:29 info: Platform setup
2025-03-11 14:25:29 info: Server running on port 3000
2025-03-11 14:25:46 info: Database connected
2025-03-11 14:25:47 info: Database synced
2025-03-11 14:25:47 info: Checking platform setup...
2025-03-11 14:25:47 info: Platform created with id: 773f22be-94d6-4717-9f8a-cff84b952acf
2025-03-11 14:25:47 info: Checking platform owner role setup
2025-03-11 14:25:47 info: Owner role created with id: 87abc28b-f405-4ba1-879c-868b3a49dfb8
2025-03-11 14:25:47 info: Checking platform admin role setup
2025-03-11 14:25:47 info: Admin role created with id: 428ec1ff-2968-4c4a-a574-238afb891ea9
2025-03-11 14:25:47 info: Checking platform operator role setup
2025-03-11 14:25:47 info: Operator role created with id: edb426f4-ec9d-4f2f-a6ad-b066617b1d3c
2025-03-11 14:25:47 info: Checking platform owner setup
2025-03-11 14:25:47 info: Owner created with id: 274c4323-0062-4383-a091-6090c014577f
2025-03-11 14:25:47 info: Platform setup completed
2025-03-11 14:25:47 info: Platform setup
2025-03-11 14:25:47 info: Server running on port 3000
2025-03-11 14:25:48 info: Database connected
2025-03-11 14:25:48 info: Database synced
2025-03-11 14:25:48 info: Checking platform setup...
2025-03-11 14:25:48 info: Platform created with id: 1af9d06f-2d50-4596-b541-89f0e6e07326
2025-03-11 14:25:48 info: Checking platform owner role setup
2025-03-11 14:25:48 info: Owner role created with id: 60321b3f-663a-424a-b7ac-2d0b02d25e15
2025-03-11 14:25:48 info: Checking platform admin role setup
2025-03-11 14:25:48 info: Admin role created with id: 4601e2ce-ecff-4066-8318-d5ee0ebf585c
2025-03-11 14:25:48 info: Checking platform operator role setup
2025-03-11 14:25:48 info: Operator role created with id: e16bfa7c-01fa-41a5-aed8-0e676660585c
2025-03-11 14:25:48 info: Checking platform owner setup
2025-03-11 14:25:48 info: Owner created with id: baa1494b-a31f-403f-88a0-f05ae8803721
2025-03-11 14:25:48 info: Platform setup completed
2025-03-11 14:25:48 info: Platform setup
2025-03-11 14:25:48 info: Server running on port 3000
2025-03-11 14:26:32 info: Database connected
2025-03-11 14:26:32 info: Database synced
2025-03-11 14:26:32 info: Checking platform setup...
2025-03-11 14:26:32 info: Platform created with id: ca605bfb-96df-444e-a43b-cde92d65eb27
2025-03-11 14:26:32 info: Checking platform owner role setup
2025-03-11 14:26:32 info: Owner role created with id: be0310e9-68ea-4dde-b110-60e6712ca79a
2025-03-11 14:26:32 info: Checking platform admin role setup
2025-03-11 14:26:32 info: Admin role created with id: 2d2ee921-e2c2-4f1b-8488-3f24abac394f
2025-03-11 14:26:32 info: Checking platform operator role setup
2025-03-11 14:26:32 info: Operator role created with id: 5bc05bf2-275e-4637-832a-ddc5516aab92
2025-03-11 14:26:32 info: Checking platform owner setup
2025-03-11 14:26:32 info: Owner created with id: 54cb5073-62a5-463a-a835-c6eb5975baef
2025-03-11 14:26:32 info: Platform setup completed
2025-03-11 14:26:32 info: Platform setup
2025-03-11 14:26:32 info: Server running on port 3000
2025-03-11 14:31:44 info: Database connected
2025-03-11 14:31:44 info: Database synced
2025-03-11 14:31:44 info: Checking platform setup...
2025-03-11 14:31:44 info: Platform created with id: e247b9e2-7653-4a19-976e-fc8a1ad65a41
2025-03-11 14:31:44 info: Checking platform owner role setup
2025-03-11 14:31:44 info: Owner role created with id: c220df89-aa0f-4138-bdce-ab1a1c352b84
2025-03-11 14:31:44 info: Checking platform admin role setup
2025-03-11 14:31:44 info: Admin role created with id: 120bdd01-396f-48dd-8f60-94a86dba7698
2025-03-11 14:31:44 info: Checking platform operator role setup
2025-03-11 14:31:44 info: Operator role created with id: 699fe9b0-baaa-416d-9f17-ef9c39d95461
2025-03-11 14:31:44 info: Checking platform owner setup
2025-03-11 14:31:44 info: Owner created with id: 831ce71c-171d-42a8-8e97-847025def3fa
2025-03-11 14:31:44 info: Platform setup completed
2025-03-11 14:31:44 info: Platform setup
2025-03-11 14:31:44 info: Server running on port 3000
2025-03-11 14:33:44 info: Database connected
2025-03-11 14:33:44 info: Database synced
2025-03-11 14:33:44 info: Checking platform setup...
2025-03-11 14:33:44 info: Platform created with id: ba9c3665-121e-4456-b867-1214dee8006f
2025-03-11 14:33:44 info: Checking platform owner role setup
2025-03-11 14:33:44 info: Owner role created with id: b9a29e94-9b11-4bce-98b0-fa3a2974cd4d
2025-03-11 14:33:44 info: Checking platform admin role setup
2025-03-11 14:33:44 info: Admin role created with id: a90b67e2-ab58-461d-9ec3-165b0de17a03
2025-03-11 14:33:44 info: Checking platform operator role setup
2025-03-11 14:33:44 info: Operator role created with id: 826cfa49-1548-4cb1-8279-62b28b0efc01
2025-03-11 14:33:44 info: Checking platform owner setup
2025-03-11 14:33:44 info: Owner created with id: 5df6f84e-5400-4ca7-b6bb-6cd7a87a63f4
2025-03-11 14:33:44 info: Platform setup completed
2025-03-11 14:33:44 info: Platform setup
2025-03-11 14:33:44 info: Server running on port 3000
2025-03-11 14:34:51 info: Database connected
2025-03-11 14:34:51 info: Database synced
2025-03-11 14:34:51 info: Checking platform setup...
2025-03-11 14:34:51 info: Platform created with id: b233e502-3f9f-4230-9d48-8c01a6886a95
2025-03-11 14:34:51 info: Checking platform owner role setup
2025-03-11 14:34:51 info: Owner role created with id: 5b70b70b-edd9-48eb-8144-a659aedc5b37
2025-03-11 14:34:51 info: Checking platform admin role setup
2025-03-11 14:34:51 info: Admin role created with id: 1cc35017-a304-4285-8e46-f989d577e0e2
2025-03-11 14:34:51 info: Checking platform operator role setup
2025-03-11 14:34:51 info: Operator role created with id: 57adc0cc-192f-4f4e-8bae-9471e90e89d7
2025-03-11 14:34:51 info: Checking platform owner setup
2025-03-11 14:34:51 info: Owner created with id: ccffcbe5-148d-4de0-8c20-b11b6b7d5518
2025-03-11 14:34:51 info: Platform setup completed
2025-03-11 14:34:51 info: Platform setup
2025-03-11 14:34:51 info: Server running on port 3000
2025-03-11 14:35:09 info: Database connected
2025-03-11 14:35:09 info: Database synced
2025-03-11 14:35:09 info: Checking platform setup...
2025-03-11 14:35:09 info: Platform created with id: 3c4d7830-3443-4d0d-ac90-eb9f0b2d0a2e
2025-03-11 14:35:09 info: Checking platform owner role setup
2025-03-11 14:35:09 info: Owner role created with id: 7f32878e-d75c-4560-bb5b-c56431e50eb3
2025-03-11 14:35:09 info: Checking platform admin role setup
2025-03-11 14:35:09 info: Admin role created with id: bfd4b4de-dac4-4954-a0a2-cce705c69481
2025-03-11 14:35:09 info: Checking platform operator role setup
2025-03-11 14:35:09 info: Operator role created with id: ff1caaea-1243-4a91-8b8b-7ee9d24bdb54
2025-03-11 14:35:09 info: Checking platform owner setup
2025-03-11 14:35:09 info: Owner created with id: 31926282-f83c-4b40-9ef5-fcd2b88d157b
2025-03-11 14:35:09 info: Platform setup completed
2025-03-11 14:35:09 info: Platform setup
2025-03-11 14:35:09 info: Server running on port 3000
2025-03-11 14:35:37 info: Database connected
2025-03-11 14:35:37 info: Database synced
2025-03-11 14:35:37 info: Checking platform setup...
2025-03-11 14:35:37 info: Platform created with id: 7b5b6e0a-7ae2-4ce7-bd1b-09086fa5498a
2025-03-11 14:35:37 info: Checking platform owner role setup
2025-03-11 14:35:37 info: Owner role created with id: fecd70c9-98c5-47a8-be94-3e6996f48fef
2025-03-11 14:35:37 info: Checking platform admin role setup
2025-03-11 14:35:37 info: Admin role created with id: 939ccadf-ff8d-4ee1-99e2-bd31da514aef
2025-03-11 14:35:37 info: Checking platform operator role setup
2025-03-11 14:35:37 info: Operator role created with id: 466b6c8a-2236-446a-81b7-0608733d79fc
2025-03-11 14:35:37 info: Checking platform owner setup
2025-03-11 14:35:37 info: Owner created with id: d363ebe0-1353-42ed-8648-8f7caf5ff0c1
2025-03-11 14:35:37 info: Platform setup completed
2025-03-11 14:35:37 info: Platform setup
2025-03-11 14:35:37 info: Server running on port 3000
2025-03-11 14:35:41 info: Database connected
2025-03-11 14:35:41 info: Database synced
2025-03-11 14:35:41 info: Checking platform setup...
2025-03-11 14:35:41 info: Platform created with id: 408ff221-da66-47cf-bfe9-f8315bb849c3
2025-03-11 14:35:41 info: Checking platform owner role setup
2025-03-11 14:35:41 info: Owner role created with id: 5dd4ceea-86e7-4470-913d-005bee324159
2025-03-11 14:35:41 info: Checking platform admin role setup
2025-03-11 14:35:41 info: Admin role created with id: 958e666e-cbb2-4780-97de-e3cd8729cdb8
2025-03-11 14:35:41 info: Checking platform operator role setup
2025-03-11 14:35:41 info: Operator role created with id: 2ce49b5e-a815-4756-a9c2-74728fbb195a
2025-03-11 14:35:41 info: Checking platform owner setup
2025-03-11 14:35:41 info: Owner created with id: 6a1c68e8-f5ba-47b4-bf7f-c8bd1fd84607
2025-03-11 14:35:41 info: Platform setup completed
2025-03-11 14:35:41 info: Platform setup
2025-03-11 14:35:41 info: Server running on port 3000
2025-03-11 14:35:46 info: Database connected
2025-03-11 14:35:46 info: Database synced
2025-03-11 14:35:46 info: Checking platform setup...
2025-03-11 14:35:46 info: Platform created with id: 0d324c4a-6e12-44ae-8fad-cea048e66109
2025-03-11 14:35:46 info: Checking platform owner role setup
2025-03-11 14:35:46 info: Owner role created with id: 9168a41a-37d5-45fc-8925-88c74717444d
2025-03-11 14:35:46 info: Checking platform admin role setup
2025-03-11 14:35:46 info: Admin role created with id: 322b0712-9012-4388-94bd-df25cadf7231
2025-03-11 14:35:46 info: Checking platform operator role setup
2025-03-11 14:35:46 info: Operator role created with id: 0a39b807-1108-47e5-8081-4f0bebd56c50
2025-03-11 14:35:46 info: Checking platform owner setup
2025-03-11 14:35:46 info: Owner created with id: 67ec8efb-9670-4168-baa2-02f006162aeb
2025-03-11 14:35:46 info: Platform setup completed
2025-03-11 14:35:46 info: Platform setup
2025-03-11 14:35:46 info: Server running on port 3000
2025-03-11 14:35:52 info: Database connected
2025-03-11 14:35:52 info: Database synced
2025-03-11 14:35:52 info: Checking platform setup...
2025-03-11 14:35:52 info: Platform created with id: c34e6c49-9451-4883-9866-ccd606c824ef
2025-03-11 14:35:52 info: Checking platform owner role setup
2025-03-11 14:35:52 info: Owner role created with id: 854cf01a-a902-42d9-9b6c-b71ae2d626c0
2025-03-11 14:35:52 info: Checking platform admin role setup
2025-03-11 14:35:52 info: Admin role created with id: 94bb97d9-c241-4aa7-9272-64faeae5b376
2025-03-11 14:35:52 info: Checking platform operator role setup
2025-03-11 14:35:52 info: Operator role created with id: d87a55e4-a234-407f-b6b3-4b5657ea60b4
2025-03-11 14:35:52 info: Checking platform owner setup
2025-03-11 14:35:52 error: owner.addPlatformUserRole is not a function
2025-03-11 14:35:55 info: Database connected
2025-03-11 14:35:55 info: Database synced
2025-03-11 14:35:55 info: Checking platform setup...
2025-03-11 14:35:55 info: Platform created with id: 0a7768bb-4ed0-42a6-8f3b-6972507beffc
2025-03-11 14:35:55 info: Checking platform owner role setup
2025-03-11 14:35:55 info: Owner role created with id: 45308942-be4c-443a-af69-5cf00215c0e6
2025-03-11 14:35:55 info: Checking platform admin role setup
2025-03-11 14:35:55 info: Admin role created with id: b6328a8d-5a44-4cdb-b7bb-0a52335a01ee
2025-03-11 14:35:55 info: Checking platform operator role setup
2025-03-11 14:35:55 info: Operator role created with id: 13ad13ab-6525-4d67-ad56-1d2a44eafff6
2025-03-11 14:35:55 info: Checking platform owner setup
2025-03-11 14:35:55 info: Owner created with id: a38d47f7-89fa-4299-921d-c3cc45953f53
2025-03-11 14:35:55 info: Platform setup completed
2025-03-11 14:35:55 info: Platform setup
2025-03-11 14:35:56 info: Server running on port 3000
2025-03-11 14:36:30 info: Database connected
2025-03-11 14:36:30 info: Database synced
2025-03-11 14:36:30 info: Checking platform setup...
2025-03-11 14:36:31 info: Platform created with id: 973d4317-09b6-4b75-ba12-75872bea6b9b
2025-03-11 14:36:31 info: Checking platform owner role setup
2025-03-11 14:36:31 info: Owner role created with id: 2f11bea0-105e-43c4-9e1c-fb962aec54cd
2025-03-11 14:36:31 info: Checking platform admin role setup
2025-03-11 14:36:31 info: Admin role created with id: ec38bed6-ebbb-4455-8127-a8d07edee1a4
2025-03-11 14:36:31 info: Checking platform operator role setup
2025-03-11 14:36:31 info: Operator role created with id: 0352456c-3199-4e9f-bcf7-ae2d40bd3a02
2025-03-11 14:36:31 info: Checking platform owner setup
2025-03-11 14:36:31 info: Owner created with id: 66910f24-8074-40bb-9ad7-edeab2873b33
2025-03-11 14:36:31 info: Platform setup completed
2025-03-11 14:36:31 info: Platform setup
2025-03-11 14:36:31 info: Server running on port 3000
2025-03-11 14:36:39 info: Database connected
2025-03-11 14:36:39 info: Database synced
2025-03-11 14:36:39 info: Checking platform setup...
2025-03-11 14:36:39 info: Platform created with id: ee431c38-03c7-4eac-b3ce-b06cbc4e75ae
2025-03-11 14:36:39 info: Checking platform owner role setup
2025-03-11 14:36:39 info: Owner role created with id: 17673f97-b1e7-43d1-9808-280a81f5825b
2025-03-11 14:36:39 info: Checking platform admin role setup
2025-03-11 14:36:40 info: Admin role created with id: 4b88c87e-2453-488d-b1fc-8c7c28100b38
2025-03-11 14:36:40 info: Checking platform operator role setup
2025-03-11 14:36:40 info: Operator role created with id: ae79bced-de2c-4c80-94d9-e6a4365ec5f8
2025-03-11 14:36:40 info: Checking platform owner setup
2025-03-11 14:36:40 info: Owner created with id: f60e9968-9e6d-4c69-9ee4-2b5ff1f4d561
2025-03-11 14:36:40 info: Platform setup completed
2025-03-11 14:36:40 info: Platform setup
2025-03-11 14:36:40 info: Server running on port 3000
2025-03-11 14:36:42 info: Database connected
2025-03-11 14:36:42 info: Database synced
2025-03-11 14:36:42 info: Checking platform setup...
2025-03-11 14:36:42 info: Platform created with id: 0a95027c-66c8-4b39-a1f6-d691c0b1cd64
2025-03-11 14:36:42 info: Checking platform owner role setup
2025-03-11 14:36:42 info: Owner role created with id: e8548308-9595-4254-b801-785e7980322c
2025-03-11 14:36:42 info: Checking platform admin role setup
2025-03-11 14:36:42 info: Admin role created with id: 93eeb370-e023-46a4-9df1-d2b30edd6c16
2025-03-11 14:36:42 info: Checking platform operator role setup
2025-03-11 14:36:42 info: Operator role created with id: 088b8c55-c06e-4feb-8c02-20e4c0d55cb3
2025-03-11 14:36:42 info: Checking platform owner setup
2025-03-11 14:36:42 info: Owner created with id: d383b304-9caf-46e2-adaa-0a47a829fd6b
2025-03-11 14:36:42 info: Platform setup completed
2025-03-11 14:36:42 info: Platform setup
2025-03-11 14:36:42 info: Server running on port 3000
2025-03-11 14:36:46 info: Database connected
2025-03-11 14:36:46 info: Database synced
2025-03-11 14:36:46 info: Checking platform setup...
2025-03-11 14:36:46 info: Platform created with id: fe95ba55-115c-4437-bbd6-a61ae3d739fa
2025-03-11 14:36:46 info: Checking platform owner role setup
2025-03-11 14:36:46 info: Owner role created with id: f91dce75-abb1-45cd-9b46-5891766433e1
2025-03-11 14:36:46 info: Checking platform admin role setup
2025-03-11 14:36:46 info: Admin role created with id: 32e68438-7da2-4e6c-8ce6-90a06e49b305
2025-03-11 14:36:46 info: Checking platform operator role setup
2025-03-11 14:36:46 info: Operator role created with id: 77fe2a3c-e833-4405-b346-a38ade3e6a8a
2025-03-11 14:36:46 info: Checking platform owner setup
2025-03-11 14:36:46 info: Owner created with id: 2a462ba8-5d3c-426d-b268-470cff81cfb3
2025-03-11 14:36:46 info: Platform setup completed
2025-03-11 14:36:46 info: Platform setup
2025-03-11 14:36:46 info: Server running on port 3000
2025-03-11 14:36:49 info: Database connected
2025-03-11 14:36:49 info: Database synced
2025-03-11 14:36:49 info: Checking platform setup...
2025-03-11 14:36:49 info: Platform created with id: 13be7045-8900-40c7-8dd4-46812aa78152
2025-03-11 14:36:49 info: Checking platform owner role setup
2025-03-11 14:36:49 info: Owner role created with id: 7abd510d-430b-4ae5-9fb8-fd67cca74889
2025-03-11 14:36:49 info: Checking platform admin role setup
2025-03-11 14:36:49 info: Admin role created with id: 5fc49a01-e430-47eb-8af2-d4cf983e6929
2025-03-11 14:36:49 info: Checking platform operator role setup
2025-03-11 14:36:49 info: Operator role created with id: a75951fd-2118-4e51-8415-41d5792890ef
2025-03-11 14:36:49 info: Checking platform owner setup
2025-03-11 14:36:49 info: Owner created with id: aab86ec6-2725-4783-bfb1-2288e2c4430e
2025-03-11 14:36:49 info: Platform setup completed
2025-03-11 14:36:49 info: Platform setup
2025-03-11 14:36:49 info: Server running on port 3000
2025-03-11 14:36:52 info: Database connected
2025-03-11 14:36:52 info: Database synced
2025-03-11 14:36:52 info: Checking platform setup...
2025-03-11 14:36:52 info: Platform created with id: a0308beb-3fc9-4940-8b65-92f5cb81995a
2025-03-11 14:36:52 info: Checking platform owner role setup
2025-03-11 14:36:52 info: Owner role created with id: 45a29838-6859-40ec-87ec-be6dc9c0f602
2025-03-11 14:36:52 info: Checking platform admin role setup
2025-03-11 14:36:52 info: Admin role created with id: 3e30f8d2-729d-44d2-9f1b-3cc1cb57c95d
2025-03-11 14:36:52 info: Checking platform operator role setup
2025-03-11 14:36:52 info: Operator role created with id: 9f9e5e50-d1dd-4d18-bbeb-67e9c8c95c76
2025-03-11 14:36:52 info: Checking platform owner setup
2025-03-11 14:36:52 info: Owner created with id: 45c0bd08-6d12-471d-84d5-ec84d48ab5de
2025-03-11 14:36:52 info: Platform setup completed
2025-03-11 14:36:52 info: Platform setup
2025-03-11 14:36:52 info: Server running on port 3000
2025-03-11 14:37:11 info: Database connected
2025-03-11 14:37:12 info: Database synced
2025-03-11 14:37:12 info: Checking platform setup...
2025-03-11 14:37:12 info: Platform created with id: a2c2d5c8-6130-458e-ab05-d2827597205f
2025-03-11 14:37:12 info: Checking platform owner role setup
2025-03-11 14:37:12 info: Owner role created with id: 25c4c516-edd7-47df-bab3-b79f6cf552d9
2025-03-11 14:37:12 info: Checking platform admin role setup
2025-03-11 14:37:12 info: Admin role created with id: cdf4c4ac-e00c-4559-a0b4-dd6ef47d0526
2025-03-11 14:37:12 info: Checking platform operator role setup
2025-03-11 14:37:12 info: Operator role created with id: 47823ba4-8d90-4667-b500-336987098439
2025-03-11 14:37:12 info: Checking platform owner setup
2025-03-11 14:37:12 info: Owner created with id: b637061b-7827-4796-83da-c492c2cdac5f
2025-03-11 14:37:12 info: Platform setup completed
2025-03-11 14:37:12 info: Platform setup
2025-03-11 14:37:12 info: Server running on port 3000
2025-03-11 14:37:19 info: Database connected
2025-03-11 14:37:19 info: Database synced
2025-03-11 14:37:19 info: Checking platform setup...
2025-03-11 14:37:19 info: Platform created with id: a7b78918-e790-4313-a628-46fe70cb53e4
2025-03-11 14:37:19 info: Checking platform owner role setup
2025-03-11 14:37:19 info: Owner role created with id: bbf148f3-74b6-4426-9e8a-493a4912f774
2025-03-11 14:37:19 info: Checking platform admin role setup
2025-03-11 14:37:19 info: Admin role created with id: b7e116ec-3129-41e1-8107-caec47c531b4
2025-03-11 14:37:19 info: Checking platform operator role setup
2025-03-11 14:37:19 info: Operator role created with id: 244aa239-fb99-47d2-a244-5abe75b5dd1c
2025-03-11 14:37:19 info: Checking platform owner setup
2025-03-11 14:37:19 info: Owner created with id: 7367ecf6-4afa-4ecd-a479-369a6e1df4d1
2025-03-11 14:37:19 info: Platform setup completed
2025-03-11 14:37:19 info: Platform setup
2025-03-11 14:37:19 info: Server running on port 3000
2025-03-11 14:37:23 info: Database connected
2025-03-11 14:37:24 info: Database synced
2025-03-11 14:37:24 info: Checking platform setup...
2025-03-11 14:37:24 info: Platform created with id: 34870265-f97e-4f0d-85de-6e22e7c65a8f
2025-03-11 14:37:24 info: Checking platform owner role setup
2025-03-11 14:37:24 info: Owner role created with id: 5400bec7-8751-4092-b072-d5be4e78d474
2025-03-11 14:37:24 info: Checking platform admin role setup
2025-03-11 14:37:24 info: Admin role created with id: 6db41174-02f7-46b2-9cad-068f604632a9
2025-03-11 14:37:24 info: Checking platform operator role setup
2025-03-11 14:37:24 info: Operator role created with id: 2a397e67-d50a-4513-a615-5bb5d341f227
2025-03-11 14:37:24 info: Checking platform owner setup
2025-03-11 14:37:24 info: Owner created with id: a0ad7fd4-6277-4f7c-b68b-3b36d52d9ca0
2025-03-11 14:37:24 info: Platform setup completed
2025-03-11 14:37:24 info: Platform setup
2025-03-11 14:37:24 info: Server running on port 3000
2025-03-11 14:37:27 info: Database connected
2025-03-11 14:37:27 info: Database synced
2025-03-11 14:37:27 info: Checking platform setup...
2025-03-11 14:37:27 info: Platform created with id: 5c6fc56b-ff52-464b-bfa8-0cec75244b88
2025-03-11 14:37:27 info: Checking platform owner role setup
2025-03-11 14:37:27 info: Owner role created with id: b5818eef-b1d5-4551-99d2-8b72a4c390d1
2025-03-11 14:37:27 info: Checking platform admin role setup
2025-03-11 14:37:27 info: Admin role created with id: 0bf364ae-de66-4818-b5a6-2732ca215348
2025-03-11 14:37:27 info: Checking platform operator role setup
2025-03-11 14:37:27 info: Operator role created with id: 729be9c0-d5f5-4ae7-bfdb-8d0b46f4684e
2025-03-11 14:37:27 info: Checking platform owner setup
2025-03-11 14:37:27 info: Owner created with id: bd6abe0b-845a-4eb3-ba1a-6ab9a05ac5e0
2025-03-11 14:37:27 info: Platform setup completed
2025-03-11 14:37:27 info: Platform setup
2025-03-11 14:37:27 info: Server running on port 3000
2025-03-11 14:37:39 info: Database connected
2025-03-11 14:37:39 info: Database synced
2025-03-11 14:37:39 info: Checking platform setup...
2025-03-11 14:37:39 info: Platform created with id: 3452f482-5229-4eb4-a46e-c0f6f762ce1e
2025-03-11 14:37:39 info: Checking platform owner role setup
2025-03-11 14:37:39 info: Owner role created with id: 540db4d6-8596-41ca-a3b4-34460b22dfac
2025-03-11 14:37:39 info: Checking platform admin role setup
2025-03-11 14:37:39 info: Admin role created with id: 4da15173-7476-4afc-b421-66b4a29fc490
2025-03-11 14:37:39 info: Checking platform operator role setup
2025-03-11 14:37:39 info: Operator role created with id: 0b0f7e48-87da-4e04-8427-d93033825855
2025-03-11 14:37:39 info: Checking platform owner setup
2025-03-11 14:37:39 info: Owner created with id: 54980da3-973b-4ae1-b15c-2cbdd9a2de3f
2025-03-11 14:37:39 info: Platform setup completed
2025-03-11 14:37:39 info: Platform setup
2025-03-11 14:37:39 info: Server running on port 3000
2025-03-11 14:37:45 info: Database connected
2025-03-11 14:37:46 info: Database synced
2025-03-11 14:37:46 info: Checking platform setup...
2025-03-11 14:37:46 info: Platform created with id: 4c24c44f-7e8e-4218-9e29-20a5f81c7d3b
2025-03-11 14:37:46 info: Checking platform owner role setup
2025-03-11 14:37:46 info: Owner role created with id: 63593ad6-7c0d-4944-8ccf-acfdb3537b2c
2025-03-11 14:37:46 info: Checking platform admin role setup
2025-03-11 14:37:46 info: Admin role created with id: c43730f3-4a06-436d-9430-1aa9d3b7e642
2025-03-11 14:37:46 info: Checking platform operator role setup
2025-03-11 14:37:46 info: Operator role created with id: 6d706d93-bd71-434b-8043-cf69f3570c7b
2025-03-11 14:37:46 info: Checking platform owner setup
2025-03-11 14:37:46 info: Owner created with id: 16befd2b-d0f3-477d-96ea-6f18b95d20aa
2025-03-11 14:37:46 info: Platform setup completed
2025-03-11 14:37:46 info: Platform setup
2025-03-11 14:37:46 info: Server running on port 3000
2025-03-11 14:37:52 info: Database connected
2025-03-11 14:37:53 info: Database synced
2025-03-11 14:37:53 info: Checking platform setup...
2025-03-11 14:37:53 info: Platform created with id: e47843ed-618a-4d62-a32b-8e6573c5abfe
2025-03-11 14:37:53 info: Checking platform owner role setup
2025-03-11 14:37:53 info: Owner role created with id: f91503aa-7a60-4174-b379-364741cfd1d4
2025-03-11 14:37:53 info: Checking platform admin role setup
2025-03-11 14:37:53 info: Admin role created with id: e15ac7df-d9b7-46d9-871d-a83c71ccb949
2025-03-11 14:37:53 info: Checking platform operator role setup
2025-03-11 14:37:53 info: Operator role created with id: 873fad64-4012-4d7d-8c82-bc6ca20c1850
2025-03-11 14:37:53 info: Checking platform owner setup
2025-03-11 14:37:53 info: Owner created with id: ce7ffb6c-8400-46a7-8ae2-765fb6502dd7
2025-03-11 14:37:53 info: Platform setup completed
2025-03-11 14:37:53 info: Platform setup
2025-03-11 14:37:53 info: Server running on port 3000
2025-03-11 14:38:00 info: Database connected
2025-03-11 14:38:00 info: Database synced
2025-03-11 14:38:00 info: Checking platform setup...
2025-03-11 14:38:00 info: Platform created with id: 8d9542bd-b743-4770-bdf8-07fcc256bd71
2025-03-11 14:38:00 info: Checking platform owner role setup
2025-03-11 14:38:00 info: Owner role created with id: 46aceb73-d81b-4714-92ca-461720dc83ca
2025-03-11 14:38:00 info: Checking platform admin role setup
2025-03-11 14:38:00 info: Admin role created with id: a52e872b-1a9c-42fd-b000-6b18d2de629f
2025-03-11 14:38:00 info: Checking platform operator role setup
2025-03-11 14:38:00 info: Operator role created with id: e110103c-e314-4d9e-af6f-630e1fce0d13
2025-03-11 14:38:00 info: Checking platform owner setup
2025-03-11 14:38:00 info: Owner created with id: b54f0a33-b1d8-46e9-96fc-94dd95591f2a
2025-03-11 14:38:00 info: Platform setup completed
2025-03-11 14:38:00 info: Platform setup
2025-03-11 14:38:00 info: Server running on port 3000
2025-03-11 14:38:31 info: Database connected
2025-03-11 14:38:31 info: Database synced
2025-03-11 14:38:31 info: Checking platform setup...
2025-03-11 14:38:31 info: Platform created with id: 8ff7cc88-80a5-49aa-a7cc-6191ab68d3de
2025-03-11 14:38:31 info: Checking platform owner role setup
2025-03-11 14:38:31 info: Owner role created with id: bc03ca9e-fba2-4f05-b784-9d1eb7cf0b79
2025-03-11 14:38:31 info: Checking platform admin role setup
2025-03-11 14:38:31 info: Admin role created with id: e049e586-58e7-4910-af1a-9b2900d38030
2025-03-11 14:38:31 info: Checking platform operator role setup
2025-03-11 14:38:31 info: Operator role created with id: a6c8b3e2-4813-4259-8dc0-4f01d4b87e98
2025-03-11 14:38:31 info: Checking platform owner setup
2025-03-11 14:38:31 info: Owner created with id: 0d1008e2-76af-4cf8-af01-3c6983d90b62
2025-03-11 14:38:31 info: Platform setup completed
2025-03-11 14:38:31 info: Platform setup
2025-03-11 14:38:31 info: Server running on port 3000
2025-03-13 01:55:34 error: connect ECONNREFUSED 127.0.0.1:5432
2025-03-13 00:14:28 info: Database connected
2025-03-13 00:14:28 info: Database synced
2025-03-13 00:14:28 info: Checking platform setup...
2025-03-13 00:14:28 info: Platform created with id: 109ac531-d598-4283-a4dd-fc2dda5565cd
2025-03-13 00:14:28 info: Checking platform owner role setup
2025-03-13 00:14:28 info: Owner role created with id: 8d5d5f6a-12a7-4b27-9f18-d09f83f8a12a
2025-03-13 00:14:28 info: Checking platform admin role setup
2025-03-13 00:14:28 info: Admin role created with id: d6eb006a-acc9-4a17-9af3-8e18bb6fedc7
2025-03-13 00:14:28 info: Checking platform operator role setup
2025-03-13 00:14:28 info: Operator role created with id: 21757d86-fadc-4795-b2ae-3bbaa02a41e8
2025-03-13 00:14:28 info: Checking platform owner setup
2025-03-13 00:14:28 info: Owner created with id: 7da66100-131b-4d7e-b492-8735724aada2
2025-03-13 00:14:28 info: Platform setup completed
2025-03-13 00:14:28 info: Platform setup
2025-03-13 00:14:28 info: Server running on port 3000
2025-03-13 00:29:22 info: Database connected
2025-03-13 00:29:23 info: Database synced
2025-03-13 00:29:23 info: Checking platform setup...
2025-03-13 00:29:23 info: Platform created with id: e30fb18c-6568-4073-8969-a1c65e3657e3
2025-03-13 00:29:23 info: Checking platform owner role setup
2025-03-13 00:29:23 info: Owner role created with id: f24bcd88-3610-406a-8147-493d7e9fc85d
2025-03-13 00:29:23 info: Checking platform admin role setup
2025-03-13 00:29:23 info: Admin role created with id: 751ab2a0-e709-473e-be03-315ed3842fb9
2025-03-13 00:29:23 info: Checking platform operator role setup
2025-03-13 00:29:23 info: Operator role created with id: 24e1aabc-b06a-4d7b-9b57-b059f8ab204a
2025-03-13 00:29:23 info: Checking platform owner setup
2025-03-13 00:29:23 info: Owner created with id: 8286b66f-1784-4a8e-8af4-ff3a33b834c0
2025-03-13 00:29:23 info: Platform setup completed
2025-03-13 00:29:23 info: Platform setup
2025-03-13 00:29:23 info: Server running on port 3000
2025-03-13 00:34:16 info: Database connected
2025-03-13 00:34:16 info: Database synced
2025-03-13 00:34:16 info: Checking platform setup...
2025-03-13 00:34:16 info: Platform created with id: 966c67a1-c81f-498d-ad7b-66419ad43b85
2025-03-13 00:34:16 info: Checking platform owner role setup
2025-03-13 00:34:16 info: Owner role created with id: a0b06c49-02f0-4090-8930-e20821bfad20
2025-03-13 00:34:16 info: Checking platform admin role setup
2025-03-13 00:34:16 info: Admin role created with id: cc4eb12b-a3a4-4b30-9406-57ea57df853a
2025-03-13 00:34:16 info: Checking platform operator role setup
2025-03-13 00:34:16 info: Operator role created with id: 6d133da6-8803-4d54-9e72-711cd5428118
2025-03-13 00:34:16 info: Checking platform owner setup
2025-03-13 00:34:16 info: Owner created with id: 84d6359f-ef65-4c95-b1e5-8a2389842fab
2025-03-13 00:34:16 info: Platform setup completed
2025-03-13 00:34:16 info: Platform setup
2025-03-13 00:34:16 info: Server running on port 3000
2025-03-13 00:35:16 info: Database connected
2025-03-13 00:35:17 info: Database synced
2025-03-13 00:35:17 info: Checking platform setup...
2025-03-13 00:35:17 info: Platform created with id: 6c7611b2-8e63-4ae7-9d27-fa4e0671b53d
2025-03-13 00:35:17 info: Checking platform owner role setup
2025-03-13 00:35:17 info: Owner role created with id: d2bbf0ca-0f65-4f52-9052-6b8c6fea92b9
2025-03-13 00:35:17 info: Checking platform admin role setup
2025-03-13 00:35:17 info: Admin role created with id: b667afca-9939-448f-a6ea-44d80343bfde
2025-03-13 00:35:17 info: Checking platform operator role setup
2025-03-13 00:35:17 info: Operator role created with id: b2f57983-ed9b-4b06-af67-9fd5dad012ae
2025-03-13 00:35:17 info: Checking platform owner setup
2025-03-13 00:35:17 info: Owner created with id: f81be7ff-b875-4e3b-8aeb-da163be600af
2025-03-13 00:35:17 info: Platform setup completed
2025-03-13 00:35:17 info: Platform setup
2025-03-13 00:35:17 info: Server running on port 3000
2025-03-13 00:39:56 info: Database connected
2025-03-13 00:39:56 info: Database synced
2025-03-13 00:39:56 info: Checking platform setup...
2025-03-13 00:39:56 info: Platform created with id: 09a062af-3533-4630-9d7e-72b22e5aded1
2025-03-13 00:39:56 info: Checking platform owner role setup
2025-03-13 00:39:56 info: Owner role created with id: b7021a66-c952-4edd-97ab-189a1421748b
2025-03-13 00:39:56 info: Checking platform admin role setup
2025-03-13 00:39:56 info: Admin role created with id: bee731a3-80a4-4319-bba4-f7f6ddfa088e
2025-03-13 00:39:56 info: Checking platform operator role setup
2025-03-13 00:39:56 info: Operator role created with id: 980ed79f-4375-48f2-921c-07223f4fdfda
2025-03-13 00:39:56 info: Checking platform owner setup
2025-03-13 00:39:56 info: Owner already exists
2025-03-13 00:39:56 info: Platform setup completed
2025-03-13 00:39:56 info: Platform setup
2025-03-13 00:39:56 info: Server running on port 3000
2025-03-13 00:40:33 info: Database connected
2025-03-13 00:40:33 info: Database synced
2025-03-13 00:40:33 info: Checking platform setup...
2025-03-13 00:40:33 info: Platform created with id: 67047987-042d-4a8f-985f-7ec46800f658
2025-03-13 00:40:33 info: Checking platform owner role setup
2025-03-13 00:40:33 info: Owner role created with id: 6eeb84cc-a090-4fbc-9f7b-43ee383e3780
2025-03-13 00:40:33 info: Checking platform admin role setup
2025-03-13 00:40:33 info: Admin role created with id: 7fc86643-302e-4803-9bf7-80bf92020aab
2025-03-13 00:40:33 info: Checking platform operator role setup
2025-03-13 00:40:33 info: Operator role created with id: 88adcb26-04bf-4e1e-9488-dc28f3be479d
2025-03-13 00:40:33 info: Checking platform owner setup
2025-03-13 00:40:33 info: Owner already exists
2025-03-13 00:40:33 info: Platform setup completed
2025-03-13 00:40:33 info: Platform setup
2025-03-13 00:40:33 info: Server running on port 3000
2025-03-13 00:41:13 info: Database connected
2025-03-13 00:41:13 info: Database synced
2025-03-13 00:41:13 info: Checking platform setup...
2025-03-13 00:41:13 info: Platform created with id: 2babe981-3eb2-4736-8640-cd8b6e1d072f
2025-03-13 00:41:13 info: Checking platform owner role setup
2025-03-13 00:41:13 info: Owner role created with id: 6a2cfd02-66ea-47a6-8601-d889628eef49
2025-03-13 00:41:13 info: Checking platform admin role setup
2025-03-13 00:41:13 info: Admin role created with id: d78d0893-d9e4-4115-aa25-ba7485ccc4ef
2025-03-13 00:41:13 info: Checking platform operator role setup
2025-03-13 00:41:13 info: Operator role created with id: 2efdc730-7fc1-41b8-b33f-10e8df21a055
2025-03-13 00:41:13 info: Checking platform owner setup
2025-03-13 00:41:13 info: Owner already exists
2025-03-13 00:41:13 info: Platform setup completed
2025-03-13 00:41:13 info: Platform setup
2025-03-13 00:41:13 info: Server running on port 3000
2025-03-13 00:41:34 info: Database connected
2025-03-13 00:41:35 info: Database synced
2025-03-13 00:41:35 info: Checking platform setup...
2025-03-13 00:41:35 info: Platform created with id: 79b043dd-86db-4073-bfee-d379b62edd40
2025-03-13 00:41:35 info: Checking platform owner role setup
2025-03-13 00:41:35 info: Owner role created with id: 1ed53f68-8ac1-4abe-bf23-d77f050445ca
2025-03-13 00:41:35 info: Checking platform admin role setup
2025-03-13 00:41:35 info: Admin role created with id: 2300c3ad-f69c-4e12-a6e4-eb7b25e20a15
2025-03-13 00:41:35 info: Checking platform operator role setup
2025-03-13 00:41:35 info: Operator role created with id: eaba542b-0ba5-4aba-85d4-7cd3f17010e7
2025-03-13 00:41:35 info: Checking platform owner setup
2025-03-13 00:41:35 error: owner.setPlatformUserRole is not a function
2025-03-13 00:41:59 info: Database connected
2025-03-13 00:41:59 info: Database synced
2025-03-13 00:41:59 info: Checking platform setup...
2025-03-13 00:41:59 info: Platform created with id: dc727b1e-5f0b-4532-882b-787ed56844a5
2025-03-13 00:41:59 info: Checking platform owner role setup
2025-03-13 00:41:59 info: Owner role created with id: 43fdb87e-92c8-45d4-ada5-ec8287466880
2025-03-13 00:41:59 info: Checking platform admin role setup
2025-03-13 00:41:59 info: Admin role created with id: ea95cebb-fcca-497c-a4b1-7d6d970f3335
2025-03-13 00:41:59 info: Checking platform operator role setup
2025-03-13 00:41:59 info: Operator role created with id: 1960b7a2-0a2d-4670-8368-e5f17d44f40a
2025-03-13 00:41:59 info: Checking platform owner setup
2025-03-13 00:41:59 error: owner.setPlatformUserRole is not a function
2025-03-13 00:42:24 info: Database connected
2025-03-13 00:42:24 info: Database synced
2025-03-13 00:42:25 info: Checking platform setup...
2025-03-13 00:42:25 info: Platform created with id: ec985edb-60d1-4654-ba55-a759637472ea
2025-03-13 00:42:25 info: Checking platform owner role setup
2025-03-13 00:42:25 info: Owner role created with id: 164f46a2-a25a-4145-baee-c1f2b75d56a8
2025-03-13 00:42:25 info: Checking platform admin role setup
2025-03-13 00:42:25 info: Admin role created with id: 6237ca66-b41b-48d1-a475-8a55444d6b87
2025-03-13 00:42:25 info: Checking platform operator role setup
2025-03-13 00:42:25 info: Operator role created with id: d3e881ac-928b-44b5-9727-03f7fd592922
2025-03-13 00:42:25 info: Checking platform owner setup
2025-03-13 00:42:25 info: Owner created with id: 4f7260eb-1da4-41ab-8feb-5c78fd414df7
2025-03-13 00:42:25 info: Platform setup completed
2025-03-13 00:42:25 info: Platform setup
2025-03-13 00:42:25 info: Server running on port 3000
2025-03-13 00:43:02 info: Database connected
2025-03-13 00:43:02 info: Database synced
2025-03-13 00:43:02 info: Checking platform setup...
2025-03-13 00:43:03 info: Platform created with id: f365737f-fd46-46a8-adc2-76720ba2e527
2025-03-13 00:43:03 info: Checking platform owner role setup
2025-03-13 00:43:03 info: Owner role created with id: fa14c6a9-d3c4-427d-a3cd-322b988082f0
2025-03-13 00:43:03 info: Checking platform admin role setup
2025-03-13 00:43:03 info: Admin role created with id: 66f81a1a-a26c-4763-86d6-27800a4a365e
2025-03-13 00:43:03 info: Checking platform operator role setup
2025-03-13 00:43:03 info: Operator role created with id: 5902f7c9-7686-4f8b-af94-bfbdd3a2a430
2025-03-13 00:43:03 info: Checking platform owner setup
2025-03-13 00:43:03 info: Owner created with id: 49ec97b8-5cf6-40c4-bc97-e366a62b396c
2025-03-13 00:43:03 info: Platform setup completed
2025-03-13 00:43:03 info: Platform setup
2025-03-13 00:43:03 info: Server running on port 3000
2025-03-13 00:43:37 info: Database connected
2025-03-13 00:43:38 info: Database synced
2025-03-13 00:43:38 info: Checking platform setup...
2025-03-13 00:43:38 info: Platform created with id: 4122ef8f-2d10-4208-99f5-61d003d8e893
2025-03-13 00:43:38 info: Checking platform owner role setup
2025-03-13 00:43:38 info: Owner role created with id: af5838f6-de27-4b1c-9a5e-7c6f8e4d4105
2025-03-13 00:43:38 info: Checking platform admin role setup
2025-03-13 00:43:38 info: Admin role created with id: 80e0b67e-5a5a-49b6-be5a-046d2b199bee
2025-03-13 00:43:38 info: Checking platform operator role setup
2025-03-13 00:43:38 info: Operator role created with id: 7761f470-ed4f-4fbe-b1a3-37a22e3d60c4
2025-03-13 00:43:38 info: Checking platform owner setup
2025-03-13 00:43:38 info: Owner created with id: 53b7d59e-6823-4e74-8d40-077c95a4368e
2025-03-13 00:43:38 info: Platform setup completed
2025-03-13 00:43:38 info: Platform setup
2025-03-13 00:43:38 info: Server running on port 3000
2025-03-13 00:43:53 info: Database connected
2025-03-13 00:43:53 info: Database synced
2025-03-13 00:43:53 info: Checking platform setup...
2025-03-13 00:43:53 info: Platform created with id: ad610783-71c2-4a67-9eba-2a8c833e8765
2025-03-13 00:43:53 info: Checking platform owner role setup
2025-03-13 00:43:53 info: Owner role created with id: a3a8898f-6f18-4e1f-ad91-1f74a00a7551
2025-03-13 00:43:53 info: Checking platform admin role setup
2025-03-13 00:43:53 info: Admin role created with id: 4cbd9569-5345-4acc-aad4-47c6eaccc318
2025-03-13 00:43:53 info: Checking platform operator role setup
2025-03-13 00:43:53 info: Operator role created with id: e3e3b4fa-8b66-4350-b090-d91ef9a35fb0
2025-03-13 00:43:53 info: Checking platform owner setup
2025-03-13 00:43:53 info: Owner created with id: 4c6f3294-ae4f-4a54-ba5c-b7833d963d16
2025-03-13 00:43:53 info: Platform setup completed
2025-03-13 00:43:53 info: Platform setup
2025-03-13 00:43:53 info: Server running on port 3000
2025-03-13 00:44:09 info: Database connected
2025-03-13 00:44:10 info: Database synced
2025-03-13 00:44:10 info: Checking platform setup...
2025-03-13 00:44:10 info: Platform created with id: 5cdf5741-0336-4781-8e28-0dfe6f41ee59
2025-03-13 00:44:10 info: Checking platform owner role setup
2025-03-13 00:44:10 info: Owner role created with id: 53f06116-5c93-46c4-bdba-75ae1cf3e321
2025-03-13 00:44:10 info: Checking platform admin role setup
2025-03-13 00:44:10 info: Admin role created with id: f57ba7f4-9e13-4315-a731-dae39f7e3c2d
2025-03-13 00:44:10 info: Checking platform operator role setup
2025-03-13 00:44:10 info: Operator role created with id: c8bd9fd6-4110-4565-b9e0-46c45f320279
2025-03-13 00:44:10 info: Checking platform owner setup
2025-03-13 00:44:10 info: Owner created with id: 795589c3-c339-4705-9b96-d999aaeaa0e2
2025-03-13 00:44:10 info: Platform setup completed
2025-03-13 00:44:10 info: Platform setup
2025-03-13 00:44:10 info: Server running on port 3000
2025-03-13 00:44:31 info: Database connected
2025-03-13 00:44:32 info: Database synced
2025-03-13 00:44:32 info: Checking platform setup...
2025-03-13 00:44:32 info: Platform created with id: d03b3255-f56e-43b9-8ba1-b0613b9f2753
2025-03-13 00:44:32 info: Checking platform owner role setup
2025-03-13 00:44:32 info: Owner role created with id: 0953775e-0141-4b68-a41d-e993e679a1f7
2025-03-13 00:44:32 info: Checking platform admin role setup
2025-03-13 00:44:32 info: Admin role created with id: 642430bb-28b3-436a-a695-14add70ff667
2025-03-13 00:44:32 info: Checking platform operator role setup
2025-03-13 00:44:32 info: Operator role created with id: 9a667295-a458-4a14-a679-8ce5573d9b70
2025-03-13 00:44:32 info: Checking platform owner setup
2025-03-13 00:44:32 info: Owner created with id: f2745458-1ca1-404d-8cf6-19f12a8f123c
2025-03-13 00:44:32 info: Platform setup completed
2025-03-13 00:44:32 info: Platform setup
2025-03-13 00:44:32 info: Server running on port 3000
2025-03-13 00:44:44 info: Database connected
2025-03-13 00:44:44 info: Database synced
2025-03-13 00:44:44 info: Checking platform setup...
2025-03-13 00:44:44 info: Platform created with id: fb5d98a5-f07d-461f-94ab-d763778505e6
2025-03-13 00:44:44 info: Checking platform owner role setup
2025-03-13 00:44:44 info: Owner role created with id: a674e662-8cc1-450f-8df7-705e946a1477
2025-03-13 00:44:44 info: Checking platform admin role setup
2025-03-13 00:44:44 info: Admin role created with id: 1a6ea5da-7c08-490d-812d-b37e9abf857c
2025-03-13 00:44:44 info: Checking platform operator role setup
2025-03-13 00:44:44 info: Operator role created with id: c69eb3c1-88f7-4416-84c2-37be8ec69184
2025-03-13 00:44:44 info: Checking platform owner setup
2025-03-13 00:44:45 info: Owner created with id: 57c7a378-5f80-439c-9c47-3cc1ef832c27
2025-03-13 00:44:45 info: Platform setup completed
2025-03-13 00:44:45 info: Platform setup
2025-03-13 00:44:45 info: Server running on port 3000
2025-03-13 00:45:36 info: Database connected
2025-03-13 00:45:36 info: Database synced
2025-03-13 00:45:36 info: Checking platform setup...
2025-03-13 00:45:36 info: Platform created with id: a78f2c14-b8f3-4eb2-ad58-92f06ee4d120
2025-03-13 00:45:36 info: Checking platform owner role setup
2025-03-13 00:45:36 info: Owner role created with id: 118576dc-dbcc-4254-a2eb-ff408c73144f
2025-03-13 00:45:36 info: Checking platform admin role setup
2025-03-13 00:45:36 info: Admin role created with id: adbfd531-8ee8-4f2e-8993-741029a67929
2025-03-13 00:45:36 info: Checking platform operator role setup
2025-03-13 00:45:36 info: Operator role created with id: 5af3d041-0e11-47fd-aaf7-933f6b8702c1
2025-03-13 00:45:36 info: Checking platform owner setup
2025-03-13 00:45:36 info: Owner created with id: 5d157121-272f-4d18-a190-62bc30000574
2025-03-13 00:45:36 info: Platform setup completed
2025-03-13 00:45:36 info: Platform setup
2025-03-13 00:45:36 info: Server running on port 3000
2025-03-13 00:47:11 info: Database connected
2025-03-13 00:47:11 info: Database synced
2025-03-13 00:47:11 info: Checking platform setup...
2025-03-13 00:47:11 info: Platform created with id: 20925b7f-d2e2-4594-8a36-9ea595adac65
2025-03-13 00:47:11 info: Checking platform owner role setup
2025-03-13 00:47:11 info: Owner role created with id: 76f9801c-bec3-44bd-bc7c-f3120b2313ea
2025-03-13 00:47:11 info: Checking platform admin role setup
2025-03-13 00:47:11 info: Admin role created with id: 228a0785-56e3-45c7-aba2-4be0267f2fb3
2025-03-13 00:47:11 info: Checking platform operator role setup
2025-03-13 00:47:11 info: Operator role created with id: 62ec6ee6-424f-4165-bd75-bf97304937bd
2025-03-13 00:47:11 info: Checking platform owner setup
2025-03-13 00:47:11 info: Owner created with id: 63b09f8d-2bd6-4763-8b81-eb542ce6cd62
2025-03-13 00:47:11 info: Platform setup completed
2025-03-13 00:47:11 info: Platform setup
2025-03-13 00:47:11 info: Server running on port 3000
2025-03-13 00:47:28 info: Database connected
2025-03-13 00:47:29 info: Database synced
2025-03-13 00:47:29 info: Checking platform setup...
2025-03-13 00:47:29 info: Platform created with id: 087db835-9047-4b05-9f53-1464989b3832
2025-03-13 00:47:29 info: Checking platform owner role setup
2025-03-13 00:47:29 info: Owner role created with id: 2138b191-9b35-4d80-a318-4ab9b350a0fb
2025-03-13 00:47:29 info: Checking platform admin role setup
2025-03-13 00:47:29 info: Admin role created with id: 86cf0e7a-1fdc-4950-aac6-ca69f18946fe
2025-03-13 00:47:29 info: Checking platform operator role setup
2025-03-13 00:47:29 info: Operator role created with id: 25ae33a0-3a03-41a3-958c-aefc65d8aef5
2025-03-13 00:47:29 info: Checking platform owner setup
2025-03-13 00:47:29 info: Owner created with id: 2d5ba6bc-5860-4039-8cbf-a201f4cbabd9
2025-03-13 00:47:29 info: Platform setup completed
2025-03-13 00:47:29 info: Platform setup
2025-03-13 00:47:29 info: Server running on port 3000
2025-03-13 00:48:00 info: Database connected
2025-03-13 00:48:01 info: Database synced
2025-03-13 00:48:01 info: Checking platform setup...
2025-03-13 00:48:01 info: Platform created with id: 5c9453d1-fa74-4fb7-bf1b-24ae56ccbaae
2025-03-13 00:48:01 info: Checking platform owner role setup
2025-03-13 00:48:01 info: Owner role created with id: a93ffb50-f89d-42fa-bba7-733310906f24
2025-03-13 00:48:01 info: Checking platform admin role setup
2025-03-13 00:48:01 info: Admin role created with id: 098ee203-50af-4a2d-a2a6-026f379f54b2
2025-03-13 00:48:01 info: Checking platform operator role setup
2025-03-13 00:48:01 info: Operator role created with id: 4fd538a0-ce85-4c58-9fe4-e1a8cf4a3743
2025-03-13 00:48:01 info: Checking platform owner setup
2025-03-13 00:48:01 info: Owner created with id: 69b6d8f9-ecd3-4678-bfa6-52e817f64f95
2025-03-13 00:48:01 info: Platform setup completed
2025-03-13 00:48:01 info: Platform setup
2025-03-13 00:48:01 info: Server running on port 3000
2025-03-13 00:48:52 info: Database connected
2025-03-13 00:48:52 info: Database synced
2025-03-13 00:48:52 info: Checking platform setup...
2025-03-13 00:48:52 info: Platform created with id: 4a7721ae-4ee4-4ab6-9af0-fc38cc7fff11
2025-03-13 00:48:52 info: Checking platform owner role setup
2025-03-13 00:48:52 info: Owner role created with id: 08e2fce6-1ec6-44ac-98a7-a8b892668029
2025-03-13 00:48:52 info: Checking platform admin role setup
2025-03-13 00:48:52 info: Admin role created with id: 59b64116-53d9-41aa-9faa-2e732c25a49c
2025-03-13 00:48:52 info: Checking platform operator role setup
2025-03-13 00:48:52 info: Operator role created with id: 00ef857a-9d5b-43c9-bdb8-b6d8ea7524d9
2025-03-13 00:48:52 info: Checking platform owner setup
2025-03-13 00:48:52 info: Owner created with id: 958c23cb-caf6-4155-92d1-9d21d618498b
2025-03-13 00:48:52 info: Platform setup completed
2025-03-13 00:48:52 info: Platform setup
2025-03-13 00:48:52 info: Server running on port 3000
2025-03-13 00:49:36 info: Database connected
2025-03-13 00:49:36 info: Database synced
2025-03-13 00:49:36 info: Checking platform setup...
2025-03-13 00:49:37 info: Platform created with id: 701277db-c532-4069-a596-11e36b1e0ae6
2025-03-13 00:49:37 info: Checking platform owner role setup
2025-03-13 00:49:37 info: Owner role created with id: fba34538-7a6f-40e1-a19b-4c05e914792d
2025-03-13 00:49:37 info: Checking platform admin role setup
2025-03-13 00:49:37 info: Admin role created with id: 53fc6783-f41c-4525-9115-dcbfd1783e38
2025-03-13 00:49:37 info: Checking platform operator role setup
2025-03-13 00:49:37 info: Operator role created with id: 3200aa2c-67b2-4c98-82f5-36a30b933c0d
2025-03-13 00:49:37 info: Checking platform owner setup
2025-03-13 00:49:37 info: Owner created with id: 7a85babf-d531-45e5-91a3-c6dfe06eeac2
2025-03-13 00:49:37 info: Platform setup completed
2025-03-13 00:49:37 info: Platform setup
2025-03-13 00:49:37 info: Server running on port 3000
2025-03-13 00:49:40 info: Database connected
2025-03-13 00:49:40 info: Database synced
2025-03-13 00:49:40 info: Checking platform setup...
2025-03-13 00:49:40 info: Platform created with id: ac6bee8a-2fda-491d-8a9a-edd362299996
2025-03-13 00:49:40 info: Checking platform owner role setup
2025-03-13 00:49:40 info: Owner role created with id: 74cb1aec-3a36-41e3-8109-bb379788eb23
2025-03-13 00:49:40 info: Checking platform admin role setup
2025-03-13 00:49:40 info: Admin role created with id: 4c848c09-05ce-4d0c-9e0e-038ae2cad263
2025-03-13 00:49:40 info: Checking platform operator role setup
2025-03-13 00:49:40 info: Operator role created with id: 315948d8-9e14-45a1-a674-601422a6592a
2025-03-13 00:49:40 info: Checking platform owner setup
2025-03-13 00:49:40 info: Owner created with id: fe4b8162-9cc6-4151-8625-7ce223162826
2025-03-13 00:49:40 info: Platform setup completed
2025-03-13 00:49:40 info: Platform setup
2025-03-13 00:49:40 info: Server running on port 3000
2025-03-13 00:50:43 info: Database connected
2025-03-13 00:50:43 info: Database synced
2025-03-13 00:50:43 info: Checking platform setup...
2025-03-13 00:50:43 info: Platform created with id: 80512d23-3496-47e1-b3ea-5743400db293
2025-03-13 00:50:43 info: Checking platform owner role setup
2025-03-13 00:50:43 info: Owner role created with id: db33d8bd-9778-4794-884e-f3c827a0e94a
2025-03-13 00:50:43 info: Checking platform admin role setup
2025-03-13 00:50:43 info: Admin role created with id: b3cbcf19-db4a-409c-be77-8798013042bd
2025-03-13 00:50:43 info: Checking platform operator role setup
2025-03-13 00:50:43 info: Operator role created with id: a024ae53-9d8d-49b1-9595-0d6024110b1a
2025-03-13 00:50:43 info: Checking platform owner setup
2025-03-13 00:50:44 info: Owner created with id: 3cdefe66-f61a-4510-b0a3-50223bdbe62a
2025-03-13 00:50:44 info: Platform setup completed
2025-03-13 00:50:44 info: Platform setup
2025-03-13 00:50:44 info: Server running on port 3000
2025-03-13 00:51:46 info: Database connected
2025-03-13 00:51:47 info: Database synced
2025-03-13 00:51:47 info: Checking platform setup...
2025-03-13 00:51:47 info: Platform created with id: 4f6e0a46-9893-4ad5-869c-2d92c8531ab9
2025-03-13 00:51:47 info: Checking platform owner role setup
2025-03-13 00:51:47 info: Owner role created with id: 8e1e60f7-2ca5-4b10-9e08-ef106e38f388
2025-03-13 00:51:47 info: Checking platform admin role setup
2025-03-13 00:51:47 info: Admin role created with id: c001504a-a28b-4ac4-9843-70d87a29976e
2025-03-13 00:51:47 info: Checking platform operator role setup
2025-03-13 00:51:47 info: Operator role created with id: 588d25e7-fc44-433d-8fed-1b71fdda515d
2025-03-13 00:51:47 info: Checking platform owner setup
2025-03-13 00:51:47 info: Owner created with id: 8c8d91d4-bfd6-4caa-8ccc-9099581490b5
2025-03-13 00:51:47 info: Platform setup completed
2025-03-13 00:51:47 info: Platform setup
2025-03-13 00:51:47 info: Server running on port 3000
2025-03-13 00:52:00 info: Database connected
2025-03-13 00:52:01 info: Database synced
2025-03-13 00:52:01 info: Checking platform setup...
2025-03-13 00:52:01 info: Platform created with id: b97cc5a5-621a-4744-8c23-42fee3108118
2025-03-13 00:52:01 info: Checking platform owner role setup
2025-03-13 00:52:01 info: Owner role created with id: f50d2ef3-c4b2-4131-a78e-8297ccf7217d
2025-03-13 00:52:01 info: Checking platform admin role setup
2025-03-13 00:52:01 info: Admin role created with id: b86b0738-c796-4ec1-8108-40c75413db6a
2025-03-13 00:52:01 info: Checking platform operator role setup
2025-03-13 00:52:01 info: Operator role created with id: 99472124-a3a5-43f2-9a9a-7cd9c2eff812
2025-03-13 00:52:01 info: Checking platform owner setup
2025-03-13 00:52:01 info: Owner created with id: 1f2343f9-30dc-430d-927c-f45401a39953
2025-03-13 00:52:01 info: Platform setup completed
2025-03-13 00:52:01 info: Platform setup
2025-03-13 00:52:01 info: Server running on port 3000
2025-03-13 00:52:12 info: Database connected
2025-03-13 00:52:13 info: Database synced
2025-03-13 00:52:13 info: Checking platform setup...
2025-03-13 00:52:13 info: Platform created with id: bbda3a65-c54c-46b3-8e71-d7888d0816e7
2025-03-13 00:52:13 info: Checking platform owner role setup
2025-03-13 00:52:13 info: Owner role created with id: c9796074-7ce7-4278-9813-d10ea809269d
2025-03-13 00:52:13 info: Checking platform admin role setup
2025-03-13 00:52:13 info: Admin role created with id: a7f9f22c-b1c1-4478-bcb5-c8004c2ab251
2025-03-13 00:52:13 info: Checking platform operator role setup
2025-03-13 00:52:13 info: Operator role created with id: 7a1e750b-87ac-42a8-8bd4-78d6cbecb434
2025-03-13 00:52:13 info: Checking platform owner setup
2025-03-13 00:52:13 info: Owner created with id: 68b17488-4a64-4bcc-b920-e4f87fa0864e
2025-03-13 00:52:13 info: Platform setup completed
2025-03-13 00:52:13 info: Platform setup
2025-03-13 00:52:13 info: Server running on port 3000
2025-03-13 00:52:31 info: Database connected
2025-03-13 00:52:31 info: Database synced
2025-03-13 00:52:31 info: Checking platform setup...
2025-03-13 00:52:31 info: Platform created with id: 22e6f611-a951-4c18-a613-9302da24bfca
2025-03-13 00:52:31 info: Checking platform owner role setup
2025-03-13 00:52:31 info: Owner role created with id: c906e407-6d21-4fe0-988b-2040cd2a8a3e
2025-03-13 00:52:31 info: Checking platform admin role setup
2025-03-13 00:52:31 info: Admin role created with id: 84ee3d30-c9a9-4c1a-9f9e-93fd5b3a3aa1
2025-03-13 00:52:31 info: Checking platform operator role setup
2025-03-13 00:52:31 info: Operator role created with id: e5c406c8-d4dd-4212-b338-f892635d117c
2025-03-13 00:52:31 info: Checking platform owner setup
2025-03-13 00:52:31 info: Owner created with id: 0b3e253a-482e-4e94-81ba-7df5a4cf61b5
2025-03-13 00:52:31 info: Platform setup completed
2025-03-13 00:52:31 info: Platform setup
2025-03-13 00:52:31 info: Server running on port 3000
2025-03-13 01:09:28 info: Database connected
2025-03-13 01:09:28 info: Database synced
2025-03-13 01:09:28 info: Checking platform setup...
2025-03-13 01:09:28 info: Platform created with id: 73e120a5-8424-4e87-a3ae-34983107915d
2025-03-13 01:09:28 info: Checking platform owner role setup
2025-03-13 01:09:28 info: Owner role created with id: 6e59911c-db91-4bb6-a857-83fe61437b6b
2025-03-13 01:09:28 info: Checking platform admin role setup
2025-03-13 01:09:28 info: Admin role created with id: 173e5b84-25c6-4e21-856b-1076733b4183
2025-03-13 01:09:28 info: Checking platform operator role setup
2025-03-13 01:09:28 info: Operator role created with id: cee68511-7be6-4bf0-a80a-dce655883520
2025-03-13 01:09:28 info: Checking platform owner setup
2025-03-13 01:09:28 info: Owner created with id: 70e856b0-2fb7-4faf-b5c8-708ca839a637
2025-03-13 01:09:28 info: Platform setup completed
2025-03-13 01:09:28 info: Platform setup
2025-03-13 01:09:28 info: Server running on port 3000
2025-03-13 01:09:47 info: Database connected
2025-03-13 01:09:48 info: Database synced
2025-03-13 01:09:48 info: Checking platform setup...
2025-03-13 01:09:48 info: Platform created with id: add892b3-6726-4690-bdc1-cc79076f666f
2025-03-13 01:09:48 info: Checking platform owner role setup
2025-03-13 01:09:48 info: Owner role created with id: 5e09bcda-83ce-4bb6-ae72-e5e9f66fe015
2025-03-13 01:09:48 info: Checking platform admin role setup
2025-03-13 01:09:48 info: Admin role created with id: fd2e0e7f-cd21-476f-811d-d30514ff4834
2025-03-13 01:09:48 info: Checking platform operator role setup
2025-03-13 01:09:48 info: Operator role created with id: 9aa97dfb-70c9-4d34-9712-0400f7e9031e
2025-03-13 01:09:48 info: Checking platform owner setup
2025-03-13 01:09:48 info: Owner created with id: 55b2d377-8864-4b70-89f2-77eeb0f34780
2025-03-13 01:09:48 info: Platform setup completed
2025-03-13 01:09:48 info: Platform setup
2025-03-13 01:09:48 info: Server running on port 3000
2025-03-13 01:09:53 info: Database connected
2025-03-13 01:09:53 info: Database synced
2025-03-13 01:09:53 info: Checking platform setup...
2025-03-13 01:09:53 info: Platform created with id: 549a189a-368e-4f45-9ced-3b029b635e03
2025-03-13 01:09:53 info: Checking platform owner role setup
2025-03-13 01:09:53 info: Owner role created with id: 5f839b13-4a15-4898-a083-d96b13ab2426
2025-03-13 01:09:53 info: Checking platform admin role setup
2025-03-13 01:09:53 info: Admin role created with id: 61ee9d46-212f-43a6-a51c-5bb6d55b7e5a
2025-03-13 01:09:53 info: Checking platform operator role setup
2025-03-13 01:09:53 info: Operator role created with id: cbb68497-f625-40c1-8920-c4457787bfbe
2025-03-13 01:09:53 info: Checking platform owner setup
2025-03-13 01:09:54 info: Owner created with id: ea3b291c-c5d4-41fc-bf58-0259f7cb4247
2025-03-13 01:09:54 info: Platform setup completed
2025-03-13 01:09:54 info: Platform setup
2025-03-13 01:09:54 info: Server running on port 3000
2025-03-13 01:10:00 info: Database connected
2025-03-13 01:10:00 info: Database synced
2025-03-13 01:10:00 info: Checking platform setup...
2025-03-13 01:10:00 info: Platform created with id: df4be1ee-60df-4e96-b32d-c35702aa5604
2025-03-13 01:10:00 info: Checking platform owner role setup
2025-03-13 01:10:00 info: Owner role created with id: 2773c335-3a58-4295-b9b1-c346baa01279
2025-03-13 01:10:00 info: Checking platform admin role setup
2025-03-13 01:10:00 info: Admin role created with id: 6f29a393-f203-457a-a751-57026474c299
2025-03-13 01:10:00 info: Checking platform operator role setup
2025-03-13 01:10:00 info: Operator role created with id: d9cb37c8-2752-482d-ac7f-64aa55e32171
2025-03-13 01:10:00 info: Checking platform owner setup
2025-03-13 01:10:00 info: Owner created with id: 0f71a53b-d296-4a7d-a455-140859c3111b
2025-03-13 01:10:00 info: Platform setup completed
2025-03-13 01:10:00 info: Platform setup
2025-03-13 01:10:00 info: Server running on port 3000
2025-03-13 01:10:11 info: Database connected
2025-03-13 01:10:11 info: Database synced
2025-03-13 01:10:11 info: Checking platform setup...
2025-03-13 01:10:11 info: Platform created with id: 40f03220-7bb0-4bd8-acfe-f01b13fd46a5
2025-03-13 01:10:11 info: Checking platform owner role setup
2025-03-13 01:10:11 info: Owner role created with id: 2d2d7190-226d-474d-94a3-631d173f911a
2025-03-13 01:10:11 info: Checking platform admin role setup
2025-03-13 01:10:11 info: Admin role created with id: 0d6b78ff-6461-4521-85da-f52d36a28e1e
2025-03-13 01:10:11 info: Checking platform operator role setup
2025-03-13 01:10:11 info: Operator role created with id: 4e1b3711-5193-4af9-b5c9-9371e13ac93e
2025-03-13 01:10:11 info: Checking platform owner setup
2025-03-13 01:10:11 info: Owner created with id: ac26aea2-c6f1-4e8b-97a3-8b4db4f300e4
2025-03-13 01:10:11 info: Platform setup completed
2025-03-13 01:10:11 info: Platform setup
2025-03-13 01:10:11 info: Server running on port 3000
2025-03-13 01:10:26 info: Database connected
2025-03-13 01:10:26 info: Database synced
2025-03-13 01:10:26 info: Checking platform setup...
2025-03-13 01:10:26 info: Platform created with id: 8e497b02-3301-481f-a4a5-170909adaea8
2025-03-13 01:10:26 info: Checking platform owner role setup
2025-03-13 01:10:26 info: Owner role created with id: 6fca6c7c-b13a-4e13-8ec1-6ce2bfd23ffd
2025-03-13 01:10:26 info: Checking platform admin role setup
2025-03-13 01:10:26 info: Admin role created with id: bfa3f334-0f38-47cc-988f-fc8d875e714e
2025-03-13 01:10:26 info: Checking platform operator role setup
2025-03-13 01:10:26 info: Operator role created with id: b7a0f5fb-96c6-428e-922a-83433b8f20fd
2025-03-13 01:10:26 info: Checking platform owner setup
2025-03-13 01:10:26 info: Owner created with id: 90e3fd35-a6f3-4422-bc91-77d3cc7fd490
2025-03-13 01:10:26 info: Platform setup completed
2025-03-13 01:10:26 info: Platform setup
2025-03-13 01:10:26 info: Server running on port 3000
2025-03-13 01:10:39 info: Database connected
2025-03-13 01:10:39 info: Database synced
2025-03-13 01:10:39 info: Checking platform setup...
2025-03-13 01:10:39 info: Platform created with id: 813da5ed-8480-4f57-b804-f516a1add962
2025-03-13 01:10:39 info: Checking platform owner role setup
2025-03-13 01:10:40 info: Owner role created with id: 8ed02180-b322-4697-b182-cdc9f436ff19
2025-03-13 01:10:40 info: Checking platform admin role setup
2025-03-13 01:10:40 info: Admin role created with id: 8df607f6-7a5b-4813-b129-dfd1c6938cf8
2025-03-13 01:10:40 info: Checking platform operator role setup
2025-03-13 01:10:40 info: Operator role created with id: 4ae22f6e-a704-421e-b9c3-79ceb5a17547
2025-03-13 01:10:40 info: Checking platform owner setup
2025-03-13 01:10:40 info: Owner created with id: 0da8be1d-1cd7-4976-88f5-7064151e8eb0
2025-03-13 01:10:40 info: Platform setup completed
2025-03-13 01:10:40 info: Platform setup
2025-03-13 01:10:40 info: Server running on port 3000
2025-03-13 01:10:40 error: Se produjo un error en mwValidateSZchema
2025-03-13 01:10:50 info: Database connected
2025-03-13 01:10:50 info: Database synced
2025-03-13 01:10:50 info: Checking platform setup...
2025-03-13 01:10:50 info: Platform created with id: db293728-9c18-4f5a-bd26-e48d3eaacbe5
2025-03-13 01:10:50 info: Checking platform owner role setup
2025-03-13 01:10:50 info: Owner role created with id: 3fef626a-e445-4c4d-ac3b-41ac9257cd8a
2025-03-13 01:10:50 info: Checking platform admin role setup
2025-03-13 01:10:50 info: Admin role created with id: bd7c9c13-8690-4a20-b34f-0fa6773cbd28
2025-03-13 01:10:50 info: Checking platform operator role setup
2025-03-13 01:10:50 info: Operator role created with id: 1cf7c94f-2be4-4c58-b7e7-d69aadbf345c
2025-03-13 01:10:50 info: Checking platform owner setup
2025-03-13 01:10:51 info: Owner created with id: e3bee5a7-ecdc-4061-8145-79439ce368ab
2025-03-13 01:10:51 info: Platform setup completed
2025-03-13 01:10:51 info: Platform setup
2025-03-13 01:10:51 info: Server running on port 3000
2025-03-13 01:10:53 error: Se produjo un error en mwValidateSZchema
2025-03-13 01:11:04 info: Database connected
2025-03-13 01:11:04 info: Database synced
2025-03-13 01:11:04 info: Checking platform setup...
2025-03-13 01:11:04 info: Platform created with id: da307a53-19f4-4b29-b124-730f815379a6
2025-03-13 01:11:04 info: Checking platform owner role setup
2025-03-13 01:11:04 info: Owner role created with id: 6fa9228d-b82e-4e98-81e0-0cb3150a2db5
2025-03-13 01:11:04 info: Checking platform admin role setup
2025-03-13 01:11:04 info: Admin role created with id: a2f9ade1-eb21-4ac0-a178-7f272e262635
2025-03-13 01:11:04 info: Checking platform operator role setup
2025-03-13 01:11:04 info: Operator role created with id: 37c5df5e-e57d-429f-95f6-525003011cb2
2025-03-13 01:11:04 info: Checking platform owner setup
2025-03-13 01:11:04 info: Owner created with id: 2f073de0-96f4-4894-8ab9-f701b3210322
2025-03-13 01:11:04 info: Platform setup completed
2025-03-13 01:11:04 info: Platform setup
2025-03-13 01:11:04 info: Server running on port 3000
2025-03-13 01:11:06 error: Se produjo un error en mwValidateSZchema
2025-03-13 01:11:28 info: Database connected
2025-03-13 01:11:28 info: Database synced
2025-03-13 01:11:28 info: Checking platform setup...
2025-03-13 01:11:29 info: Platform created with id: 03dfcbff-deb4-42cc-9776-cd12a1738965
2025-03-13 01:11:29 info: Checking platform owner role setup
2025-03-13 01:11:29 info: Owner role created with id: 87fad091-19c6-4fb4-a415-c5a5ff9b5027
2025-03-13 01:11:29 info: Checking platform admin role setup
2025-03-13 01:11:29 info: Admin role created with id: 1e661f06-9a20-402b-aa07-58411d9025fb
2025-03-13 01:11:29 info: Checking platform operator role setup
2025-03-13 01:11:29 info: Operator role created with id: fd92fb35-d1da-4017-bbb6-a54fbea14986
2025-03-13 01:11:29 info: Checking platform owner setup
2025-03-13 01:11:29 info: Owner created with id: 0c105c4f-076e-4574-8280-cba3d90ca259
2025-03-13 01:11:29 info: Platform setup completed
2025-03-13 01:11:29 info: Platform setup
2025-03-13 01:11:29 info: Server running on port 3000
2025-03-13 01:14:14 info: Database connected
2025-03-13 01:14:15 info: Database synced
2025-03-13 01:14:15 info: Checking platform setup...
2025-03-13 01:14:15 info: Platform created with id: c2bbe6af-1653-4788-a07a-b64e652b1b72
2025-03-13 01:14:15 info: Checking platform owner role setup
2025-03-13 01:14:15 info: Owner role created with id: 024bdfba-0d3e-41e7-a5fe-923d1a9883a9
2025-03-13 01:14:15 info: Checking platform admin role setup
2025-03-13 01:14:15 info: Admin role created with id: 56089168-7d0d-451a-a75d-bd401b01571d
2025-03-13 01:14:15 info: Checking platform operator role setup
2025-03-13 01:14:15 info: Operator role created with id: 37ceb463-4f80-4425-af97-5ed88e43b54a
2025-03-13 01:14:15 info: Checking platform owner setup
2025-03-13 01:14:15 info: Owner created with id: 4ee3e834-4a19-47b1-8a98-b6a355680eab
2025-03-13 01:14:15 info: Platform setup completed
2025-03-13 01:14:15 info: Platform setup
2025-03-13 01:14:15 info: Server running on port 3000
2025-03-13 01:14:36 info: Database connected
2025-03-13 01:14:37 info: Database synced
2025-03-13 01:14:37 info: Checking platform setup...
2025-03-13 01:14:37 info: Platform created with id: f4d6c53f-0e84-458c-832b-ea354f28dfd7
2025-03-13 01:14:37 info: Checking platform owner role setup
2025-03-13 01:14:37 info: Owner role created with id: 32bd7bf1-fd0d-41a1-8eb4-8ab7bc58e93e
2025-03-13 01:14:37 info: Checking platform admin role setup
2025-03-13 01:14:37 info: Admin role created with id: 4106415c-ce78-4838-9272-3bafd8c4a06d
2025-03-13 01:14:37 info: Checking platform operator role setup
2025-03-13 01:14:37 info: Operator role created with id: 93134b17-eb45-47f0-913a-55acc1fa21cb
2025-03-13 01:14:37 info: Checking platform owner setup
2025-03-13 01:14:37 info: Owner created with id: 7f92656a-a38e-4ba5-be25-6a3671937cb5
2025-03-13 01:14:37 info: Platform setup completed
2025-03-13 01:14:37 info: Platform setup
2025-03-13 01:14:37 info: Server running on port 3000
2025-03-13 01:14:37 error: Se produjo un error en mwValidateSZchema
2025-03-13 01:15:27 info: Database connected
2025-03-13 01:15:27 info: Database synced
2025-03-13 01:15:27 info: Checking platform setup...
2025-03-13 01:15:27 info: Platform created with id: 237ef0ee-c2bd-456a-9be3-134e37957e80
2025-03-13 01:15:27 info: Checking platform owner role setup
2025-03-13 01:15:27 info: Owner role created with id: d666bb26-04bd-4849-a22e-0fe2a77f3691
2025-03-13 01:15:27 info: Checking platform admin role setup
2025-03-13 01:15:27 info: Admin role created with id: 0e3e37f6-7fba-4b71-b889-ae7dc03d34f4
2025-03-13 01:15:27 info: Checking platform operator role setup
2025-03-13 01:15:27 info: Operator role created with id: ca6b23e0-5b5b-49c3-bd52-17c3b2044985
2025-03-13 01:15:27 info: Checking platform owner setup
2025-03-13 01:15:27 info: Owner created with id: b197a6c7-af16-4f51-bc07-8af0de48f745
2025-03-13 01:15:27 info: Platform setup completed
2025-03-13 01:15:27 info: Platform setup
2025-03-13 01:15:27 info: Server running on port 3000
2025-03-13 01:17:09 info: Database connected
2025-03-13 01:17:09 info: Database synced
2025-03-13 01:17:09 info: Checking platform setup...
2025-03-13 01:17:09 info: Platform created with id: 73446ad0-ed55-4a7b-8948-6095cd743a67
2025-03-13 01:17:09 info: Checking platform owner role setup
2025-03-13 01:17:09 info: Owner role created with id: 9610e897-56a4-41fb-a72d-f88bfa4889cc
2025-03-13 01:17:09 info: Checking platform admin role setup
2025-03-13 01:17:09 info: Admin role created with id: 35abca49-7381-4586-8018-c8127e047cc1
2025-03-13 01:17:09 info: Checking platform operator role setup
2025-03-13 01:17:09 info: Operator role created with id: 9df368dc-3ef9-4033-8d99-b46f558dfaac
2025-03-13 01:17:09 info: Checking platform owner setup
2025-03-13 01:17:09 info: Owner created with id: a1458af1-2d86-4766-afc2-804e86b92398
2025-03-13 01:17:09 info: Platform setup completed
2025-03-13 01:17:09 info: Platform setup
2025-03-13 01:17:09 info: Server running on port 3000
2025-03-13 01:17:24 info: Database connected
2025-03-13 01:17:25 info: Database synced
2025-03-13 01:17:25 info: Checking platform setup...
2025-03-13 01:17:25 info: Platform created with id: 5bd5fac6-92f6-4aeb-9bf0-f122b1350272
2025-03-13 01:17:25 info: Checking platform owner role setup
2025-03-13 01:17:25 info: Owner role created with id: 6488e77e-f9a5-46fa-b029-066d05a7832e
2025-03-13 01:17:25 info: Checking platform admin role setup
2025-03-13 01:17:25 info: Admin role created with id: 18fd5b43-3df8-4d6c-be3d-441f2d7d0f07
2025-03-13 01:17:25 info: Checking platform operator role setup
2025-03-13 01:17:25 info: Operator role created with id: 88e05163-1712-400c-8eb3-80e430739cc3
2025-03-13 01:17:25 info: Checking platform owner setup
2025-03-13 01:17:25 info: Owner created with id: b151af04-4826-4cba-87fc-69d1b0d39db0
2025-03-13 01:17:25 info: Platform setup completed
2025-03-13 01:17:25 info: Platform setup
2025-03-13 01:17:25 info: Server running on port 3000
2025-03-13 01:17:42 info: Database connected
2025-03-13 01:17:42 info: Database synced
2025-03-13 01:17:42 info: Checking platform setup...
2025-03-13 01:17:42 info: Platform created with id: 6a197c5e-5ee4-488e-a15a-977b443f9485
2025-03-13 01:17:42 info: Checking platform owner role setup
2025-03-13 01:17:42 info: Owner role created with id: e6b9a28f-178e-4173-9cdd-8a83bda6b048
2025-03-13 01:17:42 info: Checking platform admin role setup
2025-03-13 01:17:42 info: Admin role created with id: bb81aecc-d356-4561-9e77-eace41e5171e
2025-03-13 01:17:42 info: Checking platform operator role setup
2025-03-13 01:17:42 info: Operator role created with id: a5d2f057-972f-467e-947f-9ec1ffffe65a
2025-03-13 01:17:42 info: Checking platform owner setup
2025-03-13 01:17:42 info: Owner created with id: 0185faa9-a065-43b7-a8c3-e6edfad8d1d0
2025-03-13 01:17:42 info: Platform setup completed
2025-03-13 01:17:42 info: Platform setup
2025-03-13 01:17:42 info: Server running on port 3000
2025-03-13 01:17:47 info: Database connected
2025-03-13 01:17:48 info: Database synced
2025-03-13 01:17:48 info: Checking platform setup...
2025-03-13 01:17:48 info: Platform created with id: f99ee6eb-912e-44dc-acf5-57888e30b322
2025-03-13 01:17:48 info: Checking platform owner role setup
2025-03-13 01:17:48 info: Owner role created with id: ccc89aee-4830-4ee8-82a7-503a1bdc29cb
2025-03-13 01:17:48 info: Checking platform admin role setup
2025-03-13 01:17:48 info: Admin role created with id: d517b720-6afd-466a-a7a1-488c75648ca7
2025-03-13 01:17:48 info: Checking platform operator role setup
2025-03-13 01:17:48 info: Operator role created with id: ec0ff84b-1811-43d9-beea-667c6702df3f
2025-03-13 01:17:48 info: Checking platform owner setup
2025-03-13 01:17:48 info: Owner created with id: f61a5ff5-c074-444b-84a0-f5e569b92553
2025-03-13 01:17:48 info: Platform setup completed
2025-03-13 01:17:48 info: Platform setup
2025-03-13 01:17:48 info: Server running on port 3000
2025-03-13 01:19:14 info: Database connected
2025-03-13 01:19:14 info: Database synced
2025-03-13 01:19:14 info: Checking platform setup...
2025-03-13 01:19:14 info: Platform created with id: 588ed716-8543-4a1e-9172-0247b320a920
2025-03-13 01:19:14 info: Checking platform owner role setup
2025-03-13 01:19:14 info: Owner role created with id: caa0a8e0-7ddb-4b68-987f-ac8fb665ceab
2025-03-13 01:19:14 info: Checking platform admin role setup
2025-03-13 01:19:14 info: Admin role created with id: 08f2258d-6406-4548-88ba-8dfb70d58c75
2025-03-13 01:19:14 info: Checking platform operator role setup
2025-03-13 01:19:14 info: Operator role created with id: 33ce5a78-15fb-4a48-99b3-0db7c43aa66c
2025-03-13 01:19:14 info: Checking platform owner setup
2025-03-13 01:19:14 info: Owner created with id: b0b67458-1c21-4a56-bbcd-c36b9ae5e0d1
2025-03-13 01:19:14 info: Platform setup completed
2025-03-13 01:19:14 info: Platform setup
2025-03-13 01:19:14 info: Server running on port 3000
2025-03-13 01:19:55 info: Database connected
2025-03-13 01:19:55 info: Database synced
2025-03-13 01:19:55 info: Checking platform setup...
2025-03-13 01:19:55 info: Platform created with id: af3cf56a-e9a9-45c1-990f-75ac5d3ca6c6
2025-03-13 01:19:55 info: Checking platform owner role setup
2025-03-13 01:19:56 info: Owner role created with id: 5e9f805a-f3bb-478f-9b15-f37f9afbe43e
2025-03-13 01:19:56 info: Checking platform admin role setup
2025-03-13 01:19:56 info: Admin role created with id: 7d1da984-afd8-4f16-9064-bd5517453294
2025-03-13 01:19:56 info: Checking platform operator role setup
2025-03-13 01:19:56 info: Operator role created with id: 8e16c176-f4b4-4bdd-bb83-c35e712d5d67
2025-03-13 01:19:56 info: Checking platform owner setup
2025-03-13 01:19:56 info: Owner created with id: 1841ffa1-bde4-4ed8-b79c-fbaf619509eb
2025-03-13 01:19:56 info: Platform setup completed
2025-03-13 01:19:56 info: Platform setup
2025-03-13 01:19:56 info: Server running on port 3000
2025-03-13 01:20:18 info: Database connected
2025-03-13 01:20:18 info: Database synced
2025-03-13 01:20:18 info: Checking platform setup...
2025-03-13 01:20:18 info: Platform created with id: c0735d5d-a5c4-49ab-b88e-a2b832eb1bb2
2025-03-13 01:20:18 info: Checking platform owner role setup
2025-03-13 01:20:18 info: Owner role created with id: 34e3c30f-731e-4ae8-b3a0-4cbd4b09349d
2025-03-13 01:20:18 info: Checking platform admin role setup
2025-03-13 01:20:18 info: Admin role created with id: 5188b3ae-92a3-479a-b038-1d10bf97446e
2025-03-13 01:20:18 info: Checking platform operator role setup
2025-03-13 01:20:18 info: Operator role created with id: 6b57b8df-14af-4661-a4c7-fd5405b49048
2025-03-13 01:20:18 info: Checking platform owner setup
2025-03-13 01:20:18 info: Owner created with id: 4ec024ef-1520-4ba4-bbf1-20c5c12e071b
2025-03-13 01:20:18 info: Platform setup completed
2025-03-13 01:20:18 info: Platform setup
2025-03-13 01:20:18 info: Server running on port 3000
2025-03-13 01:20:28 error: Error en la validación del formulario:
2025-03-13 01:20:28 error: [object Object]
2025-03-13 01:20:57 info: Database connected
2025-03-13 01:20:58 info: Database synced
2025-03-13 01:20:58 info: Checking platform setup...
2025-03-13 01:20:58 info: Platform created with id: d62cb7f8-b742-43bf-918c-68b6298683f0
2025-03-13 01:20:58 info: Checking platform owner role setup
2025-03-13 01:20:58 info: Owner role created with id: 7bee1845-1625-49e6-9f90-9828ea4fc2a3
2025-03-13 01:20:58 info: Checking platform admin role setup
2025-03-13 01:20:58 info: Admin role created with id: b42758a4-ebe1-4972-9712-ab1e4e908036
2025-03-13 01:20:58 info: Checking platform operator role setup
2025-03-13 01:20:58 info: Operator role created with id: 3a743951-4b95-4b81-af6b-c2a06c458fd1
2025-03-13 01:20:58 info: Checking platform owner setup
2025-03-13 01:20:58 info: Owner created with id: 36ea5b89-9ef9-44cb-b8b8-95bbc60a2ba4
2025-03-13 01:20:58 info: Platform setup completed
2025-03-13 01:20:58 info: Platform setup
2025-03-13 01:20:58 info: Server running on port 3000
2025-03-13 01:20:58 error: Error en la validación del formulario:
2025-03-13 01:20:59 error: [object Object]
2025-03-13 01:21:09 info: Database connected
2025-03-13 01:21:09 info: Database synced
2025-03-13 01:21:09 info: Checking platform setup...
2025-03-13 01:21:09 info: Platform created with id: 1b5a4656-324c-448a-92dd-ed5211456e36
2025-03-13 01:21:09 info: Checking platform owner role setup
2025-03-13 01:21:09 info: Owner role created with id: 5cfe15b6-c7dd-4bc1-9553-cad0068afee8
2025-03-13 01:21:09 info: Checking platform admin role setup
2025-03-13 01:21:09 info: Admin role created with id: 90348358-655d-4d4d-87fa-52e185f35d77
2025-03-13 01:21:09 info: Checking platform operator role setup
2025-03-13 01:21:09 info: Operator role created with id: d9fb6764-4703-4287-8060-44983b9490fa
2025-03-13 01:21:09 info: Checking platform owner setup
2025-03-13 01:21:10 info: Owner created with id: 4263a5be-ea1e-4ffb-9e12-07c769d61011
2025-03-13 01:21:10 info: Platform setup completed
2025-03-13 01:21:10 info: Platform setup
2025-03-13 01:21:10 info: Server running on port 3000
2025-03-13 01:21:10 error: Error en la validación del formulario:
2025-03-13 01:21:10 error: [object Object]
2025-03-13 01:21:16 error: Error en la validación del formulario:
2025-03-13 01:21:16 error: [object Object]
2025-03-13 01:22:26 info: Database connected
2025-03-13 01:22:26 info: Database synced
2025-03-13 01:22:26 info: Checking platform setup...
2025-03-13 01:22:26 info: Platform created with id: 47f345b8-de47-4d00-901d-30b8cb2fff75
2025-03-13 01:22:26 info: Checking platform owner role setup
2025-03-13 01:22:26 info: Owner role created with id: efbf9145-07e9-401e-8200-7a5507faa944
2025-03-13 01:22:26 info: Checking platform admin role setup
2025-03-13 01:22:26 info: Admin role created with id: e8bd5393-1fbe-4f0e-bd43-bdfc6d8cf534
2025-03-13 01:22:26 info: Checking platform operator role setup
2025-03-13 01:22:26 info: Operator role created with id: 4a2589d3-7cb0-4043-aa63-4af13a5b4405
2025-03-13 01:22:26 info: Checking platform owner setup
2025-03-13 01:22:26 info: Owner created with id: f4386438-9845-46d7-a211-3e3f1e2f982b
2025-03-13 01:22:26 info: Platform setup completed
2025-03-13 01:22:26 info: Platform setup
2025-03-13 01:22:26 info: Server running on port 3000
2025-03-13 01:22:26 error: Error en la validación del formulario:
2025-03-13 01:22:26 error: [object Object]
2025-03-13 01:22:43 error: Error en la validación del formulario:
2025-03-13 01:22:43 error: [object Object]
2025-03-13 01:24:12 info: Database connected
2025-03-13 01:24:12 info: Database synced
2025-03-13 01:24:12 info: Checking platform setup...
2025-03-13 01:24:12 info: Platform created with id: 1cc0ec91-7ea4-41bf-a668-17b46ccb7215
2025-03-13 01:24:12 info: Checking platform owner role setup
2025-03-13 01:24:12 info: Owner role created with id: ba0f0a83-0b5c-4f1d-8384-d94cc67c82f2
2025-03-13 01:24:12 info: Checking platform admin role setup
2025-03-13 01:24:12 info: Admin role created with id: 2e5718da-4c81-4a7f-8470-3df33aa384f0
2025-03-13 01:24:12 info: Checking platform operator role setup
2025-03-13 01:24:12 info: Operator role created with id: 1b28c0fb-88d0-4cc9-b6e2-7f24fdba6146
2025-03-13 01:24:12 info: Checking platform owner setup
2025-03-13 01:24:12 info: Owner created with id: d6f4b742-9081-40a0-8d34-df9c6bd0df48
2025-03-13 01:24:12 info: Platform setup completed
2025-03-13 01:24:12 info: Platform setup
2025-03-13 01:24:12 info: Server running on port 3000
2025-03-13 01:24:29 error: Error en la validación del formulario:
2025-03-13 01:24:29 error: [object Object]
2025-03-13 01:25:34 info: Database connected
2025-03-13 01:25:35 info: Database synced
2025-03-13 01:25:35 info: Checking platform setup...
2025-03-13 01:25:35 info: Platform created with id: be0cf421-7d5a-40f4-ba24-ea82dbc0889c
2025-03-13 01:25:35 info: Checking platform owner role setup
2025-03-13 01:25:35 info: Owner role created with id: 440135b1-861b-42a2-97ad-880b1636f80f
2025-03-13 01:25:35 info: Checking platform admin role setup
2025-03-13 01:25:35 info: Admin role created with id: 2655b901-1993-42fa-9917-b55be5cc511f
2025-03-13 01:25:35 info: Checking platform operator role setup
2025-03-13 01:25:35 info: Operator role created with id: f4b9249d-993c-409c-95d7-aec90354e5cd
2025-03-13 01:25:35 info: Checking platform owner setup
2025-03-13 01:25:35 info: Owner created with id: e633f8cd-541b-4fb8-b751-72953461ddc5
2025-03-13 01:25:35 info: Platform setup completed
2025-03-13 01:25:35 info: Platform setup
2025-03-13 01:25:35 info: Server running on port 3000
2025-03-13 01:26:05 info: Database connected
2025-03-13 01:26:05 info: Database synced
2025-03-13 01:26:05 info: Checking platform setup...
2025-03-13 01:26:05 info: Platform created with id: 9f038f49-2b57-4334-a14d-91b7f98a33b2
2025-03-13 01:26:05 info: Checking platform owner role setup
2025-03-13 01:26:05 info: Owner role created with id: eadb7e0b-d387-46bb-b5dd-0bd341a2a70d
2025-03-13 01:26:05 info: Checking platform admin role setup
2025-03-13 01:26:06 info: Admin role created with id: 9e7826b8-0841-4a20-9e72-28e8639a29ec
2025-03-13 01:26:06 info: Checking platform operator role setup
2025-03-13 01:26:06 info: Operator role created with id: 9da499d0-a37a-4732-89a9-d9410f264162
2025-03-13 01:26:06 info: Checking platform owner setup
2025-03-13 01:26:06 info: Owner created with id: 4bfa3534-e4e8-4a1b-84a8-e16ec047ea2b
2025-03-13 01:26:06 info: Platform setup completed
2025-03-13 01:26:06 info: Platform setup
2025-03-13 01:26:06 info: Server running on port 3000
2025-03-13 01:26:29 info: Database connected
2025-03-13 01:26:29 info: Database synced
2025-03-13 01:26:29 info: Checking platform setup...
2025-03-13 01:26:29 info: Platform created with id: f278a115-fa04-48e0-8da2-400af2910897
2025-03-13 01:26:29 info: Checking platform owner role setup
2025-03-13 01:26:29 info: Owner role created with id: 676fc527-fa5f-4fdc-97a8-acdb18991b94
2025-03-13 01:26:29 info: Checking platform admin role setup
2025-03-13 01:26:29 info: Admin role created with id: a4663bc9-02a5-4432-8537-13639c0e293d
2025-03-13 01:26:29 info: Checking platform operator role setup
2025-03-13 01:26:29 info: Operator role created with id: 2d6cfdb5-e720-47ac-9229-89184fb589b5
2025-03-13 01:26:29 info: Checking platform owner setup
2025-03-13 01:26:29 info: Owner created with id: 7628b5be-4fdb-42cf-bbf9-ffc774fe7878
2025-03-13 01:26:29 info: Platform setup completed
2025-03-13 01:26:29 info: Platform setup
2025-03-13 01:26:29 info: Server running on port 3000
2025-03-13 01:26:45 info: Database connected
2025-03-13 01:26:45 info: Database synced
2025-03-13 01:26:45 info: Checking platform setup...
2025-03-13 01:26:45 info: Platform created with id: 37be2d3d-a80b-4b05-9759-cbaa01328664
2025-03-13 01:26:45 info: Checking platform owner role setup
2025-03-13 01:26:45 info: Owner role created with id: d59b4e46-0877-4b51-8e5b-20245aaf72ab
2025-03-13 01:26:45 info: Checking platform admin role setup
2025-03-13 01:26:45 info: Admin role created with id: 2155431f-7aae-4395-9216-cebf7a18f710
2025-03-13 01:26:45 info: Checking platform operator role setup
2025-03-13 01:26:45 info: Operator role created with id: cbc97a8f-ed6d-4c27-b66c-e9af049957c9
2025-03-13 01:26:45 info: Checking platform owner setup
2025-03-13 01:26:46 info: Owner created with id: 053bce3a-7167-40b5-b85a-511e0e1b95b0
2025-03-13 01:26:46 info: Platform setup completed
2025-03-13 01:26:46 info: Platform setup
2025-03-13 01:26:46 info: Server running on port 3000
2025-03-13 01:27:00 info: Database connected
2025-03-13 01:27:01 info: Database synced
2025-03-13 01:27:01 info: Checking platform setup...
2025-03-13 01:27:01 info: Platform created with id: d55784c2-0e88-4a3e-9c23-6482a9d0cda9
2025-03-13 01:27:01 info: Checking platform owner role setup
2025-03-13 01:27:01 info: Owner role created with id: 8135efa3-c987-4314-afa9-376ec2127f03
2025-03-13 01:27:01 info: Checking platform admin role setup
2025-03-13 01:27:01 info: Admin role created with id: 2a144bf7-99d8-4c5a-b220-9f556af1dbbd
2025-03-13 01:27:01 info: Checking platform operator role setup
2025-03-13 01:27:01 info: Operator role created with id: 11a727bd-b865-4d4b-958c-511f266895e9
2025-03-13 01:27:01 info: Checking platform owner setup
2025-03-13 01:27:01 info: Owner created with id: 9f66cb41-582a-4dbd-a0aa-4c86dd8f6fe7
2025-03-13 01:27:01 info: Platform setup completed
2025-03-13 01:27:01 info: Platform setup
2025-03-13 01:27:01 info: Server running on port 3000
2025-03-13 01:28:02 info: Database connected
2025-03-13 01:28:02 info: Database synced
2025-03-13 01:28:02 info: Checking platform setup...
2025-03-13 01:28:02 info: Platform created with id: f49c82ca-011a-4821-a117-01c811258e95
2025-03-13 01:28:02 info: Checking platform owner role setup
2025-03-13 01:28:02 info: Owner role created with id: 65b485cd-9b19-4803-aa56-0163c7cabf32
2025-03-13 01:28:02 info: Checking platform admin role setup
2025-03-13 01:28:02 info: Admin role created with id: 09cc4efe-5fc3-46dc-afcb-eadaa61b5dca
2025-03-13 01:28:02 info: Checking platform operator role setup
2025-03-13 01:28:02 info: Operator role created with id: b52356e2-d57b-4d6e-b0a3-dac8f4596d35
2025-03-13 01:28:02 info: Checking platform owner setup
2025-03-13 01:28:02 info: Owner created with id: 30684dbc-475a-41d5-b5df-767eed7b96ca
2025-03-13 01:28:02 info: Platform setup completed
2025-03-13 01:28:02 info: Platform setup
2025-03-13 01:28:02 info: Server running on port 3000
2025-03-13 01:28:35 info: Database connected
2025-03-13 01:28:36 info: Database synced
2025-03-13 01:28:36 info: Checking platform setup...
2025-03-13 01:28:36 info: Platform created with id: 2199c0d3-3ea1-4cc5-863b-2ab12cfcf30d
2025-03-13 01:28:36 info: Checking platform owner role setup
2025-03-13 01:28:36 info: Owner role created with id: 0497d012-652d-4ffe-bf40-e393d48279ba
2025-03-13 01:28:36 info: Checking platform admin role setup
2025-03-13 01:28:36 info: Admin role created with id: 90499647-c598-46b9-b68e-ed695acac8d9
2025-03-13 01:28:36 info: Checking platform operator role setup
2025-03-13 01:28:36 info: Operator role created with id: 50dc8bf1-629b-45a0-892a-d25ebcb54ffb
2025-03-13 01:28:36 info: Checking platform owner setup
2025-03-13 01:28:36 info: Owner created with id: 2435a310-0c74-4946-8e82-9587692fd2bb
2025-03-13 01:28:36 info: Platform setup completed
2025-03-13 01:28:36 info: Platform setup
2025-03-13 01:28:36 info: Server running on port 3000
2025-03-13 01:28:53 info: Database connected
2025-03-13 01:28:53 info: Database synced
2025-03-13 01:28:53 info: Checking platform setup...
2025-03-13 01:28:53 info: Platform created with id: 0a01d6bb-979a-4eef-b175-14bd871cd389
2025-03-13 01:28:53 info: Checking platform owner role setup
2025-03-13 01:28:53 info: Owner role created with id: 78de0f74-18c4-4261-a94a-eabbff9638c3
2025-03-13 01:28:53 info: Checking platform admin role setup
2025-03-13 01:28:53 info: Admin role created with id: 3772d7c6-a629-4d8d-80d6-4ad0299f01e1
2025-03-13 01:28:53 info: Checking platform operator role setup
2025-03-13 01:28:53 info: Operator role created with id: 1169eda6-7aa7-4632-bc46-732777b27ff2
2025-03-13 01:28:53 info: Checking platform owner setup
2025-03-13 01:28:53 info: Owner created with id: 96f439e7-73ae-43e5-a8d1-ac36a9739e46
2025-03-13 01:28:53 info: Platform setup completed
2025-03-13 01:28:53 info: Platform setup
2025-03-13 01:28:53 info: Server running on port 3000
2025-03-13 01:29:00 error: Error en la validación del formulario:
2025-03-13 01:29:00 error: [object Object]
2025-03-13 01:30:42 info: Database connected
2025-03-13 01:30:43 info: Database synced
2025-03-13 01:30:43 info: Checking platform setup...
2025-03-13 01:30:43 info: Platform created with id: f6726e6e-ae11-4814-b325-cbe21a7c0b1e
2025-03-13 01:30:43 info: Checking platform owner role setup
2025-03-13 01:30:43 info: Owner role created with id: 81decb95-92a2-4808-8dfe-5a7ba02a843c
2025-03-13 01:30:43 info: Checking platform admin role setup
2025-03-13 01:30:43 info: Admin role created with id: d34fe35f-a092-41c2-bc13-09bb979f61d7
2025-03-13 01:30:43 info: Checking platform operator role setup
2025-03-13 01:30:43 info: Operator role created with id: ba1c7fe1-f67d-4938-aeec-f06d8dbb539f
2025-03-13 01:30:43 info: Checking platform owner setup
2025-03-13 01:30:43 info: Owner created with id: aad77ae6-bb80-4ab6-a9a3-b823dc465802
2025-03-13 01:30:43 info: Platform setup completed
2025-03-13 01:30:43 info: Platform setup
2025-03-13 01:30:43 info: Server running on port 3000
2025-03-13 01:31:12 info: Database connected
2025-03-13 01:31:12 info: Database synced
2025-03-13 01:31:12 info: Checking platform setup...
2025-03-13 01:31:12 info: Platform created with id: 016fb39a-407a-4bf8-abca-e8d50bb6bc30
2025-03-13 01:31:12 info: Checking platform owner role setup
2025-03-13 01:31:12 info: Owner role created with id: 526cd69f-e3f9-469b-9058-a9ecb2cf9411
2025-03-13 01:31:12 info: Checking platform admin role setup
2025-03-13 01:31:12 info: Admin role created with id: 81e0dffb-d044-4664-98c3-429e5ea5de8e
2025-03-13 01:31:12 info: Checking platform operator role setup
2025-03-13 01:31:12 info: Operator role created with id: b633f183-c0be-4bfb-aba1-558eae732d51
2025-03-13 01:31:12 info: Checking platform owner setup
2025-03-13 01:31:12 info: Owner created with id: 8e60ecd2-5108-4773-ba4d-9207e016448b
2025-03-13 01:31:12 info: Platform setup completed
2025-03-13 01:31:12 info: Platform setup
2025-03-13 01:31:12 info: Server running on port 3000
2025-03-13 01:31:27 info: Database connected
2025-03-13 01:31:28 info: Database synced
2025-03-13 01:31:28 info: Checking platform setup...
2025-03-13 01:31:28 info: Platform created with id: e29ac98b-e53c-4df0-a15a-79b59b0cfabe
2025-03-13 01:31:28 info: Checking platform owner role setup
2025-03-13 01:31:28 info: Owner role created with id: 416024de-523e-46e0-9556-e27ad6af5d4c
2025-03-13 01:31:28 info: Checking platform admin role setup
2025-03-13 01:31:28 info: Admin role created with id: f3d5a89c-4f41-4ca3-976a-526865362641
2025-03-13 01:31:28 info: Checking platform operator role setup
2025-03-13 01:31:28 info: Operator role created with id: 94b57275-a294-4ddf-9668-e44e5e358a79
2025-03-13 01:31:28 info: Checking platform owner setup
2025-03-13 01:31:28 info: Owner created with id: 97899fc2-1d18-4d55-ba37-98373616c0e4
2025-03-13 01:31:28 info: Platform setup completed
2025-03-13 01:31:28 info: Platform setup
2025-03-13 01:31:28 info: Server running on port 3000
2025-03-13 01:33:19 info: Database connected
2025-03-13 01:33:20 info: Database synced
2025-03-13 01:33:20 info: Checking platform setup...
2025-03-13 01:33:20 info: Platform created with id: b87c13d3-e6a6-49ff-8a95-03bcbe392794
2025-03-13 01:33:20 info: Checking platform owner role setup
2025-03-13 01:33:20 info: Owner role created with id: 685c5281-2e2c-4c4a-b3a0-5ba186e36288
2025-03-13 01:33:20 info: Checking platform admin role setup
2025-03-13 01:33:20 info: Admin role created with id: 26593a94-381e-4b3d-97d2-39d38c8c78bb
2025-03-13 01:33:20 info: Checking platform operator role setup
2025-03-13 01:33:20 info: Operator role created with id: a156088c-df28-4f52-ba84-7dbd081b6a4f
2025-03-13 01:33:20 info: Checking platform owner setup
2025-03-13 01:33:20 info: Owner created with id: df9d5d37-3eda-4a97-804e-ac969c6b6ae2
2025-03-13 01:33:20 info: Platform setup completed
2025-03-13 01:33:20 info: Platform setup
2025-03-13 01:33:20 info: Server running on port 3000
2025-03-13 01:34:40 info: Database connected
2025-03-13 01:34:40 info: Database synced
2025-03-13 01:34:40 info: Checking platform setup...
2025-03-13 01:34:40 info: Platform created with id: f55b45f2-1054-4e40-8f0b-f12f3f4082d9
2025-03-13 01:34:40 info: Checking platform owner role setup
2025-03-13 01:34:40 info: Owner role created with id: 0726ec25-fa36-44d0-a1a8-27239819583d
2025-03-13 01:34:40 info: Checking platform admin role setup
2025-03-13 01:34:40 info: Admin role created with id: 01ccb938-c331-4a03-8d1d-c38d83b1acc4
2025-03-13 01:34:40 info: Checking platform operator role setup
2025-03-13 01:34:40 info: Operator role created with id: 3e8f83ca-d102-406e-bf52-f0d956b20c5b
2025-03-13 01:34:40 info: Checking platform owner setup
2025-03-13 01:34:41 info: Owner created with id: 922eac6d-bdd1-4a6a-a3e3-ee6d1c171d1c
2025-03-13 01:34:41 info: Platform setup completed
2025-03-13 01:34:41 info: Platform setup
2025-03-13 01:34:41 info: Server running on port 3000
2025-03-13 01:34:45 info: Database connected
2025-03-13 01:34:46 info: Database synced
2025-03-13 01:34:46 info: Checking platform setup...
2025-03-13 01:34:46 info: Platform created with id: 745489e8-06b7-4f58-9757-6cef8c11ea69
2025-03-13 01:34:46 info: Checking platform owner role setup
2025-03-13 01:34:46 info: Owner role created with id: 66404bd1-6068-4cea-ab53-dc3e8b5be9e3
2025-03-13 01:34:46 info: Checking platform admin role setup
2025-03-13 01:34:46 info: Admin role created with id: c8a3ea67-d2f4-450c-b721-a24726dbb637
2025-03-13 01:34:46 info: Checking platform operator role setup
2025-03-13 01:34:46 info: Operator role created with id: cf073db6-54e1-4ef8-b372-ed42d8d90c72
2025-03-13 01:34:46 info: Checking platform owner setup
2025-03-13 01:34:46 info: Owner created with id: fcd313ca-6ec8-4385-b0f3-34f3823eb38f
2025-03-13 01:34:46 info: Platform setup completed
2025-03-13 01:34:46 info: Platform setup
2025-03-13 01:34:46 info: Server running on port 3000
2025-03-13 01:34:48 info: Database connected
2025-03-13 01:34:48 info: Database synced
2025-03-13 01:34:48 info: Checking platform setup...
2025-03-13 01:34:48 info: Platform created with id: b1058bb8-af9a-4cc5-8c06-87d2ecc44bd6
2025-03-13 01:34:48 info: Checking platform owner role setup
2025-03-13 01:34:48 info: Owner role created with id: 5c94dd52-1e45-4050-884b-5a569bdaa30e
2025-03-13 01:34:48 info: Checking platform admin role setup
2025-03-13 01:34:48 info: Admin role created with id: d5c6ab0b-0ac1-4e1a-a5f5-48f0743ea0a2
2025-03-13 01:34:48 info: Checking platform operator role setup
2025-03-13 01:34:48 info: Operator role created with id: 87d8ba20-ea44-4c4f-9256-29bcdca8b696
2025-03-13 01:34:48 info: Checking platform owner setup
2025-03-13 01:34:48 info: Owner created with id: 59dabcaa-07e4-45f8-9bee-c55e3b01a8a3
2025-03-13 01:34:48 info: Platform setup completed
2025-03-13 01:34:48 info: Platform setup
2025-03-13 01:34:48 info: Server running on port 3000
2025-03-13 01:37:22 info: Database connected
2025-03-13 01:37:23 info: Database synced
2025-03-13 01:37:23 info: Checking platform setup...
2025-03-13 01:37:23 info: Platform created with id: f7fccf28-11f2-40de-9708-db410cfc5425
2025-03-13 01:37:23 info: Checking platform owner role setup
2025-03-13 01:37:23 info: Owner role created with id: f024aced-08b5-4eb2-83a1-34fbc5d464aa
2025-03-13 01:37:23 info: Checking platform admin role setup
2025-03-13 01:37:23 info: Admin role created with id: 099fb823-7a16-4004-861f-ea2aa9e8e721
2025-03-13 01:37:23 info: Checking platform operator role setup
2025-03-13 01:37:23 info: Operator role created with id: 1c09c597-1471-4cf4-9f84-c608bd55bd61
2025-03-13 01:37:23 info: Checking platform owner setup
2025-03-13 01:37:23 info: Owner created with id: fba7a41a-5524-4575-8a0b-20829a17dcd1
2025-03-13 01:37:23 info: Platform setup completed
2025-03-13 01:37:23 info: Platform setup
2025-03-13 01:37:23 info: Server running on port 3000
2025-03-13 01:38:09 info: Database connected
2025-03-13 01:38:10 info: Database synced
2025-03-13 01:38:10 info: Checking platform setup...
2025-03-13 01:38:10 info: Platform created with id: 7ae539e0-db4d-4bc1-a6c8-6f0c9cff283e
2025-03-13 01:38:10 info: Checking platform owner role setup
2025-03-13 01:38:10 info: Owner role created with id: 19526cdc-aec0-4791-abcc-59eeb43a1b43
2025-03-13 01:38:10 info: Checking platform admin role setup
2025-03-13 01:38:10 info: Admin role created with id: ace2b737-10bf-4243-a6f9-cec66d4a02de
2025-03-13 01:38:10 info: Checking platform operator role setup
2025-03-13 01:38:10 info: Operator role created with id: 7ab1e42f-c699-48fc-a5bc-3eb5383d45cc
2025-03-13 01:38:10 info: Checking platform owner setup
2025-03-13 01:38:10 info: Owner created with id: 22114ae8-48a0-4456-ace3-1eaccdf1c565
2025-03-13 01:38:10 info: Platform setup completed
2025-03-13 01:38:10 info: Platform setup
2025-03-13 01:38:10 info: Server running on port 3000
2025-03-13 01:38:59 info: Database connected
2025-03-13 01:39:00 info: Database synced
2025-03-13 01:39:00 info: Checking platform setup...
2025-03-13 01:39:00 info: Platform created with id: 2132d203-6d13-4f10-b214-db2cc092e1a2
2025-03-13 01:39:00 info: Checking platform owner role setup
2025-03-13 01:39:00 info: Owner role created with id: b1bbe92a-7393-484e-a8e4-1486470bffb0
2025-03-13 01:39:00 info: Checking platform admin role setup
2025-03-13 01:39:00 info: Admin role created with id: d9037c51-f5c2-4c45-8550-e0e53b1d98f8
2025-03-13 01:39:00 info: Checking platform operator role setup
2025-03-13 01:39:00 info: Operator role created with id: a417bd4a-37c9-4947-b084-d17fba3ca87e
2025-03-13 01:39:00 info: Checking platform owner setup
2025-03-13 01:39:00 info: Owner created with id: 9e630733-815a-4ab2-afac-a0ae2a939dc0
2025-03-13 01:39:00 info: Platform setup completed
2025-03-13 01:39:00 info: Platform setup
2025-03-13 01:39:00 info: Server running on port 3000
2025-03-13 01:39:15 info: Database connected
2025-03-13 01:39:15 info: Database synced
2025-03-13 01:39:15 info: Checking platform setup...
2025-03-13 01:39:15 info: Platform created with id: 280aac04-8c85-4056-be4e-52662a0e65b2
2025-03-13 01:39:15 info: Checking platform owner role setup
2025-03-13 01:39:15 info: Owner role created with id: 4517ce05-e713-420b-8120-f720fde3b48d
2025-03-13 01:39:15 info: Checking platform admin role setup
2025-03-13 01:39:15 info: Admin role created with id: f20b3108-70d4-47c5-b325-0b8d65b928b4
2025-03-13 01:39:15 info: Checking platform operator role setup
2025-03-13 01:39:15 info: Operator role created with id: dff745a2-f402-4edf-bb34-1b4e1187e391
2025-03-13 01:39:15 info: Checking platform owner setup
2025-03-13 01:39:15 info: Owner created with id: cc1d126d-062e-4765-baf0-b06dcfe1ae1c
2025-03-13 01:39:15 info: Platform setup completed
2025-03-13 01:39:15 info: Platform setup
2025-03-13 01:39:15 info: Server running on port 3000
2025-03-13 01:40:07 info: Database connected
2025-03-13 01:40:08 info: Database synced
2025-03-13 01:40:08 info: Checking platform setup...
2025-03-13 01:40:08 info: Platform created with id: 2b4d7e2b-f5b5-44dc-aa8a-8b03fe7da760
2025-03-13 01:40:08 info: Checking platform owner role setup
2025-03-13 01:40:08 info: Owner role created with id: 65479697-9791-4bd7-bb4f-92ba35d25fa2
2025-03-13 01:40:08 info: Checking platform admin role setup
2025-03-13 01:40:08 info: Admin role created with id: 2fe80179-3c59-4d60-9489-8246f5b517df
2025-03-13 01:40:08 info: Checking platform operator role setup
2025-03-13 01:40:08 info: Operator role created with id: 646604f9-3f8b-47d2-b6b9-41d3d6a1e59a
2025-03-13 01:40:08 info: Checking platform owner setup
2025-03-13 01:40:08 info: Owner created with id: ce00c4f5-3d28-4850-9ac2-babd61246a52
2025-03-13 01:40:08 info: Platform setup completed
2025-03-13 01:40:08 info: Platform setup
2025-03-13 01:40:08 info: Server running on port 3000
2025-03-13 01:44:32 info: Database connected
2025-03-13 01:44:33 info: Database synced
2025-03-13 01:44:33 info: Checking platform setup...
2025-03-13 01:44:33 info: Platform created with id: 1ca44d21-0aac-422d-8a60-5552adf08663
2025-03-13 01:44:33 info: Checking platform owner role setup
2025-03-13 01:44:33 info: Owner role created with id: a324c9bb-e562-403c-98c1-b77a1ebf9513
2025-03-13 01:44:33 info: Checking platform admin role setup
2025-03-13 01:44:33 info: Admin role created with id: 5078f943-72bd-44bb-b32b-dad4fb8850ed
2025-03-13 01:44:33 info: Checking platform operator role setup
2025-03-13 01:44:33 info: Operator role created with id: 787c1cbf-d52c-4b21-81e5-57b691cadc17
2025-03-13 01:44:33 info: Checking platform owner setup
2025-03-13 01:44:33 info: Owner created with id: 8483b2e8-a5e2-4258-9a90-cead354508d5
2025-03-13 01:44:33 info: Platform setup completed
2025-03-13 01:44:33 info: Platform setup
2025-03-13 01:44:33 info: Server running on port 3000
2025-03-13 01:47:02 info: Database connected
2025-03-13 01:47:02 info: Database synced
2025-03-13 01:47:02 info: Checking platform setup...
2025-03-13 01:47:02 info: Platform created with id: 3533384e-34a2-4c31-bd0f-fb612b0d99bd
2025-03-13 01:47:02 info: Checking platform owner role setup
2025-03-13 01:47:02 info: Owner role created with id: 290a1ea3-6cc1-457f-91aa-117992f25add
2025-03-13 01:47:02 info: Checking platform admin role setup
2025-03-13 01:47:02 info: Admin role created with id: 11b33893-3558-4c01-bbfd-c8d4b42d2b59
2025-03-13 01:47:02 info: Checking platform operator role setup
2025-03-13 01:47:02 info: Operator role created with id: 750cc9b7-c8cd-443c-b06c-51e6f993b09e
2025-03-13 01:47:02 info: Checking platform owner setup
2025-03-13 01:47:02 info: Owner created with id: 13d4ec6f-13fe-4b38-96b2-882763756361
2025-03-13 01:47:02 info: Platform setup completed
2025-03-13 01:47:02 info: Platform setup
2025-03-13 01:47:02 info: Server running on port 3000
2025-03-13 01:47:14 error: Se produjo un error en loginPlatformHandler
2025-03-13 01:48:24 info: Database connected
2025-03-13 01:48:25 info: Database synced
2025-03-13 01:48:25 info: Checking platform setup...
2025-03-13 01:48:25 info: Platform created with id: ce0396a4-fa6c-4cec-a5c8-09ca58711af9
2025-03-13 01:48:25 info: Checking platform owner role setup
2025-03-13 01:48:25 info: Owner role created with id: 11251838-bc34-4af3-8a66-1a3a72d93b8e
2025-03-13 01:48:25 info: Checking platform admin role setup
2025-03-13 01:48:25 info: Admin role created with id: f59dd034-4964-4677-b0fb-16672983ed67
2025-03-13 01:48:25 info: Checking platform operator role setup
2025-03-13 01:48:25 info: Operator role created with id: 9df14042-fe9b-4139-9cb7-e36bb1df2be1
2025-03-13 01:48:25 info: Checking platform owner setup
2025-03-13 01:48:25 info: Owner created with id: 812ad77b-0d9b-41a6-881d-8734c64eefb1
2025-03-13 01:48:25 info: Platform setup completed
2025-03-13 01:48:25 info: Platform setup
2025-03-13 01:48:25 info: Server running on port 3000
2025-03-13 01:48:27 error: Se produjo un error en loginPlatformHandler
2025-03-13 01:48:43 info: Database connected
2025-03-13 01:48:44 info: Database synced
2025-03-13 01:48:44 info: Checking platform setup...
2025-03-13 01:48:44 info: Platform created with id: c052bb42-fca4-4c74-818b-63419b761bb6
2025-03-13 01:48:44 info: Checking platform owner role setup
2025-03-13 01:48:44 info: Owner role created with id: a8b1951f-5706-40b6-a133-89f259291330
2025-03-13 01:48:44 info: Checking platform admin role setup
2025-03-13 01:48:44 info: Admin role created with id: 1cd4e41c-d193-40f8-9202-d4daad0fbd08
2025-03-13 01:48:44 info: Checking platform operator role setup
2025-03-13 01:48:44 info: Operator role created with id: 451e31bf-e669-4cd0-979f-31ac3023bd5c
2025-03-13 01:48:44 info: Checking platform owner setup
2025-03-13 01:48:44 info: Owner created with id: 5ec1558d-4382-4624-b8b0-0c317e02f457
2025-03-13 01:48:44 info: Platform setup completed
2025-03-13 01:48:44 info: Platform setup
2025-03-13 01:48:44 info: Server running on port 3000
2025-03-13 01:49:20 info: Database connected
2025-03-13 01:49:21 info: Database synced
2025-03-13 01:49:21 info: Checking platform setup...
2025-03-13 01:49:21 info: Platform created with id: fa4144db-c074-4961-acb3-7c44f865c42f
2025-03-13 01:49:21 info: Checking platform owner role setup
2025-03-13 01:49:21 info: Owner role created with id: 3a880df9-b32b-4d29-9da6-0b5aa43bfa0d
2025-03-13 01:49:21 info: Checking platform admin role setup
2025-03-13 01:49:21 info: Admin role created with id: cac65453-6297-44f1-973b-58ae6cb36ff9
2025-03-13 01:49:21 info: Checking platform operator role setup
2025-03-13 01:49:21 info: Operator role created with id: 06821d74-4802-4cd3-9c59-3a4e851a8887
2025-03-13 01:49:21 info: Checking platform owner setup
2025-03-13 01:49:21 info: Owner created with id: a03c8fb0-3583-48ca-98d8-5fe6e6da80b1
2025-03-13 01:49:21 info: Platform setup completed
2025-03-13 01:49:21 info: Platform setup
2025-03-13 01:49:21 info: Server running on port 3000
2025-03-13 01:49:39 info: Database connected
2025-03-13 01:49:40 info: Database synced
2025-03-13 01:49:40 info: Checking platform setup...
2025-03-13 01:49:40 info: Platform created with id: 329ed763-5cca-4e6a-9380-d91769c632f8
2025-03-13 01:49:40 info: Checking platform owner role setup
2025-03-13 01:49:40 info: Owner role created with id: 7f36a2c0-bbf6-4e04-8985-56175dbcb675
2025-03-13 01:49:40 info: Checking platform admin role setup
2025-03-13 01:49:40 info: Admin role created with id: 5da7df6b-ca4d-424a-b8a6-46fb93d22782
2025-03-13 01:49:40 info: Checking platform operator role setup
2025-03-13 01:49:40 info: Operator role created with id: 4a34d165-3aaa-4bea-9415-7bf2dc4d1dc4
2025-03-13 01:49:40 info: Checking platform owner setup
2025-03-13 01:49:40 info: Owner created with id: 98e39788-61ce-4063-8da7-11ff1baa4ebc
2025-03-13 01:49:40 info: Platform setup completed
2025-03-13 01:49:40 info: Platform setup
2025-03-13 01:49:40 info: Server running on port 3000
2025-03-13 01:49:46 info: Database connected
2025-03-13 01:49:46 info: Database synced
2025-03-13 01:49:46 info: Checking platform setup...
2025-03-13 01:49:46 info: Platform created with id: 7570772a-e08e-4591-bc01-fe21d3825d67
2025-03-13 01:49:46 info: Checking platform owner role setup
2025-03-13 01:49:46 info: Owner role created with id: f62a82f0-3b21-40c3-a287-9ef51eace97a
2025-03-13 01:49:46 info: Checking platform admin role setup
2025-03-13 01:49:46 info: Admin role created with id: bcfc4241-09bc-433e-abcf-84e0c4ddae07
2025-03-13 01:49:46 info: Checking platform operator role setup
2025-03-13 01:49:46 info: Operator role created with id: 2105881c-58de-42fb-a7d1-39490bcfbcba
2025-03-13 01:49:46 info: Checking platform owner setup
2025-03-13 01:49:47 info: Owner created with id: aaab1aff-c2d5-4c5a-a926-d87b5da287ec
2025-03-13 01:49:47 info: Platform setup completed
2025-03-13 01:49:47 info: Platform setup
2025-03-13 01:49:47 info: Server running on port 3000
2025-03-13 01:49:52 info: Database connected
2025-03-13 01:49:52 info: Database synced
2025-03-13 01:49:52 info: Checking platform setup...
2025-03-13 01:49:52 info: Platform created with id: f2d7ffb0-12a5-4300-b8ff-de2dafa2a36a
2025-03-13 01:49:52 info: Checking platform owner role setup
2025-03-13 01:49:52 info: Owner role created with id: b69fd520-d4ba-4714-9de6-b01a659c45f1
2025-03-13 01:49:52 info: Checking platform admin role setup
2025-03-13 01:49:52 info: Admin role created with id: bbc90a6a-81e6-4251-91ff-8a857f811fc7
2025-03-13 01:49:52 info: Checking platform operator role setup
2025-03-13 01:49:52 info: Operator role created with id: c8094433-f54c-49cc-a0bf-09a7d59b19ad
2025-03-13 01:49:52 info: Checking platform owner setup
2025-03-13 01:49:53 info: Owner created with id: a2d67d6c-e29d-46c5-8791-a6321b65dce7
2025-03-13 01:49:53 info: Platform setup completed
2025-03-13 01:49:53 info: Platform setup
2025-03-13 01:49:53 info: Server running on port 3000
2025-03-13 01:50:48 info: Database connected
2025-03-13 01:50:48 info: Database synced
2025-03-13 01:50:48 info: Checking platform setup...
2025-03-13 01:50:48 info: Platform created with id: 56014974-c271-40f0-beb6-f29311a67b3d
2025-03-13 01:50:48 info: Checking platform owner role setup
2025-03-13 01:50:48 info: Owner role created with id: 2addfb4a-d46a-44c8-ac0e-019aefd53537
2025-03-13 01:50:48 info: Checking platform admin role setup
2025-03-13 01:50:48 info: Admin role created with id: 6bf0834d-c92b-4c58-8b0b-b73c3c82de43
2025-03-13 01:50:48 info: Checking platform operator role setup
2025-03-13 01:50:48 info: Operator role created with id: 7d02d4a2-a8d8-4464-ac74-2f1cf0f766a8
2025-03-13 01:50:48 info: Checking platform owner setup
2025-03-13 01:50:48 info: Owner created with id: 1b34f2ea-9f0e-4886-bfee-4a608d0a7deb
2025-03-13 01:50:48 info: Platform setup completed
2025-03-13 01:50:48 info: Platform setup
2025-03-13 01:50:48 info: Server running on port 3000
2025-03-13 01:51:03 info: Database connected
2025-03-13 01:51:03 info: Database synced
2025-03-13 01:51:03 info: Checking platform setup...
2025-03-13 01:51:03 info: Platform created with id: 0bef36ee-0643-4e54-a209-24de0a92bae7
2025-03-13 01:51:03 info: Checking platform owner role setup
2025-03-13 01:51:03 info: Owner role created with id: 8e2acce3-826b-4d4b-b80d-c61313341105
2025-03-13 01:51:03 info: Checking platform admin role setup
2025-03-13 01:51:03 info: Admin role created with id: f38fb5dd-c57b-4d2d-b896-c26d6c15488a
2025-03-13 01:51:03 info: Checking platform operator role setup
2025-03-13 01:51:03 info: Operator role created with id: 7ca0741a-d9b3-41df-bb5e-1cd0903f68ce
2025-03-13 01:51:03 info: Checking platform owner setup
2025-03-13 01:51:03 info: Owner created with id: fbd1d8b1-0be3-4faa-baf6-491693f25f92
2025-03-13 01:51:03 info: Platform setup completed
2025-03-13 01:51:03 info: Platform setup
2025-03-13 01:51:03 info: Server running on port 3000
2025-03-13 01:51:24 info: Database connected
2025-03-13 01:51:25 info: Database synced
2025-03-13 01:51:25 info: Checking platform setup...
2025-03-13 01:51:25 info: Platform created with id: 8010b573-af24-4afc-a5ae-7295eef04ae2
2025-03-13 01:51:25 info: Checking platform owner role setup
2025-03-13 01:51:25 info: Owner role created with id: acf35b53-3d1d-4409-a343-355afeca57dd
2025-03-13 01:51:25 info: Checking platform admin role setup
2025-03-13 01:51:25 info: Admin role created with id: ad7e0443-f88d-4eb1-9eb6-601c2a38e00e
2025-03-13 01:51:25 info: Checking platform operator role setup
2025-03-13 01:51:25 info: Operator role created with id: 111c3645-eaf7-4f71-8322-f4b86df7d058
2025-03-13 01:51:25 info: Checking platform owner setup
2025-03-13 01:51:25 info: Owner created with id: 7b53f57d-22b0-4e10-a67f-cb0b0128bfc7
2025-03-13 01:51:25 info: Platform setup completed
2025-03-13 01:51:25 info: Platform setup
2025-03-13 01:51:25 info: Server running on port 3000
2025-03-13 01:51:43 info: Database connected
2025-03-13 01:51:43 info: Database synced
2025-03-13 01:51:43 info: Checking platform setup...
2025-03-13 01:51:43 info: Platform created with id: e068d840-b32f-4d58-9bde-6682ddde2901
2025-03-13 01:51:43 info: Checking platform owner role setup
2025-03-13 01:51:44 info: Owner role created with id: c9662080-d273-4e65-823f-61f21bee9e8e
2025-03-13 01:51:44 info: Checking platform admin role setup
2025-03-13 01:51:44 info: Admin role created with id: 99c452bd-705b-4e5a-aaba-9778a0b861cc
2025-03-13 01:51:44 info: Checking platform operator role setup
2025-03-13 01:51:44 info: Operator role created with id: 0afad34b-04ec-4a02-a07d-032009addc0e
2025-03-13 01:51:44 info: Checking platform owner setup
2025-03-13 01:51:44 info: Owner created with id: 33d94930-2ef9-4f71-b49e-b4f00a894bef
2025-03-13 01:51:44 info: Platform setup completed
2025-03-13 01:51:44 info: Platform setup
2025-03-13 01:51:44 info: Server running on port 3000
2025-03-13 01:51:48 info: Database connected
2025-03-13 01:51:48 info: Database synced
2025-03-13 01:51:48 info: Checking platform setup...
2025-03-13 01:51:49 info: Platform created with id: fadf4a4f-b601-4b60-b1d2-1aef592cfde3
2025-03-13 01:51:49 info: Checking platform owner role setup
2025-03-13 01:51:49 info: Owner role created with id: a219784d-54c3-4db1-8f96-7381634a273d
2025-03-13 01:51:49 info: Checking platform admin role setup
2025-03-13 01:51:49 info: Admin role created with id: 8fa22906-f173-47a8-912a-873edeb4b4cc
2025-03-13 01:51:49 info: Checking platform operator role setup
2025-03-13 01:51:49 info: Operator role created with id: 633ac7f7-f4c0-4764-8fb7-57c2e79ce325
2025-03-13 01:51:49 info: Checking platform owner setup
2025-03-13 01:51:49 info: Owner created with id: 2ca35c75-859a-43ff-8178-d44c18e2548f
2025-03-13 01:51:49 info: Platform setup completed
2025-03-13 01:51:49 info: Platform setup
2025-03-13 01:51:49 info: Server running on port 3000
2025-03-13 01:52:17 info: Database connected
2025-03-13 01:52:18 info: Database synced
2025-03-13 01:52:18 info: Checking platform setup...
2025-03-13 01:52:18 info: Platform created with id: 4245a31d-20f1-4097-aae6-ec2cf29a0697
2025-03-13 01:52:18 info: Checking platform owner role setup
2025-03-13 01:52:18 info: Owner role created with id: bdb39c37-c5e0-43f9-bf30-c20d64792f26
2025-03-13 01:52:18 info: Checking platform admin role setup
2025-03-13 01:52:18 info: Admin role created with id: 7da9afce-f2a7-4a52-8401-0541bf03ea5b
2025-03-13 01:52:18 info: Checking platform operator role setup
2025-03-13 01:52:18 info: Operator role created with id: 9236d733-1912-4916-b78d-e40700c33586
2025-03-13 01:52:18 info: Checking platform owner setup
2025-03-13 01:52:18 info: Owner created with id: 84d18222-959b-4756-a3dc-6c632394c00a
2025-03-13 01:52:18 info: Platform setup completed
2025-03-13 01:52:18 info: Platform setup
2025-03-13 01:52:18 info: Server running on port 3000
2025-03-13 01:53:08 info: Database connected
2025-03-13 01:53:09 info: Database synced
2025-03-13 01:53:09 info: Checking platform setup...
2025-03-13 01:53:09 info: Platform created with id: 6492bd80-da9f-4712-89a1-831bda344140
2025-03-13 01:53:09 info: Checking platform owner role setup
2025-03-13 01:53:09 info: Owner role created with id: a7933fb9-a4cc-4cfd-ac45-0d398ccbb54c
2025-03-13 01:53:09 info: Checking platform admin role setup
2025-03-13 01:53:09 info: Admin role created with id: e9e78cff-7841-48f6-b3e8-b02690ce943e
2025-03-13 01:53:09 info: Checking platform operator role setup
2025-03-13 01:53:09 info: Operator role created with id: 93087e88-2c12-455d-bba1-c823858cd9a6
2025-03-13 01:53:09 info: Checking platform owner setup
2025-03-13 01:53:09 info: Owner created with id: e9c753e5-a324-4492-b580-2062b4b31d56
2025-03-13 01:53:09 info: Platform setup completed
2025-03-13 01:53:09 info: Platform setup
2025-03-13 01:53:09 info: Server running on port 3000
